group,landmark,trained_generator_nmse,random_generator_nmse,paired_generator_improvement,seeds_generator_better_than_random,orbit_relabel_generator_nmse,trained_composite_nmse,random_composite_nmse,seeds_composite_better_than_random,orbit_relabel_composite_nmse,law_consistency_nmse,law_prediction_nmse,wrong_order_gap,wrong_order_target_separation,orbit_sensitive_energy_fraction,test_pca_energy_fraction,numeric_null_generator_nmse,numeric_null_variance_fraction,teacher_numeric_generator_nmse,teacher_onehot_generator_nmse,source_audit_accuracy
cycle_four,ONE_END,0.7065577494766647,0.6956312490910507,-0.010926500385614046,1,0.9909081215231956,0.9488927695386277,0.9692249104798744,3,1.003434501718168,0.35491455487847934,0.7274133059142364,0.006050046367119662,2.324023023785227,0.7654123332382952,0.997457107771705,0.6932063666228379,0.34662691974342,1.378736463057987e-12,3.1402742554411074e-11,0.6077777777777778
cycle_four,source_query_concat,0.12047497173090198,0.6984985633711639,0.578023591640262,3,0.9786263851864607,0.16592317024607994,0.9709013800887515,3,1.0029821242942534,0.05330005744764723,0.11867299809254024,0.0006018390691007921,0.36197984792135357,0.5482145937002195,0.9950431169751844,0.5035683489819011,0.0970562359619374,1.378736463057987e-12,3.1402742554411074e-11,0.6077777777777778
cycle_none,ONE_END,0.7049897118716241,0.6956312490910507,-0.009358462780573396,2,0.9850121179384216,0.8581683504513503,0.9692249104798744,3,1.0023212357897568,0.34544187406245325,0.6770335242459598,0.07490771916127019,2.2426424302462182,0.7877682906970778,0.9952501123741334,0.7256313170692489,0.19819549348262555,0.33153961938915605,0.38166658577428886,0.687063492063492
cycle_none,source_query_concat,0.7432202715842718,0.6985089473445579,-0.04471132423971391,0,0.9861265156883495,0.872412898512897,0.9709127196509506,3,1.0024849059634546,0.3798862930763849,0.7048697345804529,0.026944894945994058,2.281008437542178,0.73314720746151,0.986678965984085,0.6917074074783045,0.08433737616006727,0.33153961938915605,0.38166658577428886,0.687063492063492
cycle_three,ONE_END,0.6360965989442876,0.6956312521463476,0.05953465320205997,3,0.9849746898370281,0.9046307673608296,0.9692249128221263,3,1.0036817743804758,0.3080186971129831,0.6631661838680935,0.010239492247075247,2.202558442665554,0.7677141437301924,0.9975101625249175,0.6224662150420239,0.42184840516702815,3.87163602697969e-12,1.590959099467664e-11,0.6726190476190476
cycle_three,source_query_concat,0.15970013978624084,0.6985128887933421,0.5388127490071012,3,0.981066168917548,0.22112896696131226,0.9709242353384765,3,1.0029759109251752,0.0724004424456356,0.15927060336508925,0.0009059492212356579,0.5080624242358581,0.5757361754423017,0.9906408095214762,0.46072750302139404,0.15208160633038031,3.87163602697969e-12,1.590959099467664e-11,0.6726190476190476
interior_four,ONE_END,0.8889783272568361,0.6956312561450675,-0.19334707111176863,0,0.984994479790089,0.9820604765901001,0.9692249161047247,0,1.003505347386125,0.4881619605615819,0.8646922056453614,0.0007847726118289285,1.911977465058645,0.8306396896184499,0.9941277388571493,0.8720773054231827,0.23659539942048646,0.22963827730251105,0.2024879569308731,0.5044444444444445
interior_four,source_query_concat,0.6717349862977002,0.6984619135353984,0.026726927237698206,3,0.9848599898419744,0.8236768212277044,0.9709032609189894,3,1.0028165497723418,0.3261551761488691,0.6269046461038986,0.0028599587578311825,1.6309253807074935,0.7550318681194749,0.9812209999314563,0.7753894577083519,0.1424425895170174,0.22963827730251105,0.2024879569308731,0.5044444444444445
interior_none,ONE_END,0.7505859837238998,0.6956312490910507,-0.05495473463284917,1,0.9834501321123493,0.869735914374437,0.9692249104798744,3,1.0038157507960743,0.3969445497485177,0.7067500852126057,0.1274352423340029,1.8235244943971918,0.8097011071260803,0.9963876691196533,0.6727886426673234,0.27994716124835667,0.2771901401415312,0.26165556017829,0.8568253968253968
interior_none,source_query_concat,0.4823479518537576,0.6985165407405246,0.216168588886767,3,0.9841363259942395,0.6537511287049719,0.9708954070044067,3,1.002462409728072,0.2763193356595414,0.4644227083406653,0.6540930118456156,2.309326816349319,0.7675615474547796,0.9841862363577283,0.506061278741074,0.1252745772835185,0.2771901401415312,0.26165556017829,0.8568253968253968
position_four,ONE_END,0.796191316680242,0.6956312561450675,-0.10056006053517452,1,0.9833219950091404,0.9098013817752385,0.9692249161047247,2,1.0025906140458143,0.40571073651200207,0.7553054973879436,0.04322888550948323,2.3260671534762345,0.7985910881628123,0.9960422687987518,0.7477167793051837,0.1449756768298586,0.45398900301020156,0.2873802905598204,0.6771428571428572
position_four,source_query_concat,0.49677101541765006,0.6985018899337295,0.20173087451607946,3,0.988178692570147,0.6977042002992677,0.9709280269838015,3,1.0020524645634625,0.2646805096535237,0.54085327195859,0.017778850428756193,2.619077413218481,0.7663527739327645,0.9922353874533688,0.5945407262520198,0.051106450893406256,0.45398900301020156,0.2873802905598204,0.6771428571428572
position_none,ONE_END,0.8476796019067283,0.6956312561450675,-0.15204834576166082,0,0.9876629749213014,0.9576362820968493,0.9692249161047247,1,1.0030859924009499,0.4503585355161464,0.8173211437069848,0.01355421718344744,2.0088984102698806,0.801330814633958,0.9977044212077243,0.850893128778896,0.290079997240217,0.1838066618774696,0.17646125423892314,0.37130952380952387
position_none,source_query_concat,0.765161973638237,0.6984850770480445,-0.06667689659019249,0,0.9891123191302621,0.9222552993661521,0.9709051167454743,2,1.0023772814106786,0.39022701951244393,0.7431198761749306,0.028204095819003405,1.9802859431722144,0.7723537690820551,0.9892471326702795,0.8137592624695086,0.2517590364771081,0.1838066618774696,0.17646125423892314,0.37130952380952387
position_three,ONE_END,0.7068380642768259,0.6956312561450675,-0.01120680813175845,1,0.9814885260643221,0.8656702549277983,0.9692249161047247,3,1.0027184843016712,0.36336882925355457,0.69265559034429,0.17900555569380325,2.384465910584289,0.8164512088129491,0.9960708854662738,0.61813818626047,0.2353783318906112,0.6193004141308022,0.5181397240114375,0.9947619047619048
position_three,source_query_concat,0.5511493779650101,0.6984164195822742,0.14726704161726412,3,0.9877562790431411,0.7229279885727337,0.970871771191797,3,1.0019837359426076,0.3012227340389093,0.5763499632449641,0.05494183035397212,2.373887272357411,0.7404006484918417,0.9803571845944372,0.6208041269767021,0.0881365162371774,0.6193004141308022,0.5181397240114375,0.9947619047619048
