world_seed,model_seed,P,middle_cka,lower_cka,high_minus_mid,mid_minus_low,ordered,all_source_gates_passed
271,17,0.6850916880448016,0.31553432787314667,0.15603796229942812,0.3695573601716549,0.15949636557371855,True,True
271,42,0.41453895429505677,0.36862739978856046,0.23353534759583222,0.04591155450649631,0.13509205219272824,True,True
271,101,0.655538756365305,0.41229923159916887,0.4321926305908405,0.24323952476613614,-0.01989339899167164,False,True
314,17,0.1672436973744362,0.39214614755236044,0.31313506278335723,-0.22490245017792423,0.0790110847690032,False,True
314,42,0.18792326086942404,0.3368555521815121,0.24573136791916186,-0.14893229131208804,0.09112418426235022,False,True
314,101,0.31894017007976827,0.3507107966615935,0.2515818762844612,-0.03177062658182522,0.09912892037713228,False,True
593,17,0.6018876530387252,0.5185058877229511,0.3589425569673433,0.08338176531577401,0.15956333075560786,True,True
593,42,0.2979152475561367,0.38592701640433763,0.36530997305728363,-0.08801176884820094,0.020617043347053998,False,True
593,101,0.695378823974272,0.5297289746526017,0.45573004270290424,0.16564984932167026,0.07399893194969748,True,True
