mode,budget,variant,r2,mse,mae,rows,groups,new_seeds_per_group
shared,64,source_learning,0.20416391075983842,0.0009689317496211097,0.025647166672004635,96,8,3
shared,64,source_learning_plus_relations,0.2532402357225363,0.0009091812431361855,0.024195776971627492,96,8,3
shared,64,source_learning_and_label_stats,0.2800883946503263,0.000876493565414952,0.02404532960359909,96,8,3
shared,64,source_learning_label_stats_plus_relations,0.29745085849208963,0.0008553547370866274,0.023396600033025627,96,8,3
shared,256,source_learning,0.3941345387915838,0.0008680693646433459,0.02365020768567021,96,8,3
shared,256,source_learning_plus_relations,0.44514752327564444,0.0007949791955135262,0.02264275664669958,96,8,3
shared,256,source_learning_and_label_stats,0.41564144433977745,0.0008372547910622275,0.023537342768585618,96,8,3
shared,256,source_learning_label_stats_plus_relations,0.45076803635837015,0.0007869262604428257,0.022548533693025886,96,8,3
condition,64,source_learning,0.23496505044807714,0.0004587099256245537,0.017152634135161327,96,8,3
condition,64,source_learning_plus_relations,0.2510349595286361,0.00044907451379996464,0.01674684959396715,96,8,3
condition,64,source_learning_and_label_stats,0.3209001511769438,0.0004071838042532822,0.01632864968898815,96,8,3
condition,64,source_learning_label_stats_plus_relations,0.32997278423293086,0.00040174391312573543,0.015754559733963027,96,8,3
condition,256,source_learning,0.33431350321657727,0.0005608220572881168,0.018556879054750567,96,8,3
condition,256,source_learning_plus_relations,0.2954187386471857,0.000593589797040903,0.018865960333931564,96,8,3
condition,256,source_learning_and_label_stats,0.43370078865269157,0.0004770910785828403,0.017131053911424145,96,8,3
condition,256,source_learning_label_stats_plus_relations,0.33714467470440346,0.0005584368753353353,0.018450994770325514,96,8,3
