group,target,budget,mode,seeds,test_accuracy,random_gain,length_gain
cycle_four,descents,64,candidate_shared,3,0.1469047619047619,-0.07158730158730159,-0.12642857142857142
cycle_four,descents,64,condition,3,0.1703968253968254,-0.04476190476190475,-0.10293650793650792
cycle_four,descents,64,shared,3,0.11714285714285715,-0.09801587301587301,-0.15619047619047619
cycle_four,descents,256,candidate_shared,3,0.21031746031746032,-0.04476190476190476,-0.07063492063492063
cycle_four,descents,256,condition,3,0.2192857142857143,-0.04174603174603175,-0.06166666666666667
cycle_four,descents,256,shared,3,0.16960317460317462,-0.09142857142857146,-0.11134920634920635
cycle_four,lis_length,64,candidate_shared,3,0.2538888888888889,-0.031428571428571445,-0.06015873015873014
cycle_four,lis_length,64,condition,3,0.2685714285714285,-0.01912698412698414,-0.04547619047619047
cycle_four,lis_length,64,shared,3,0.24333333333333332,-0.044365079365079364,-0.07071428571428569
cycle_four,lis_length,256,candidate_shared,3,0.3143650793650794,-0.03539682539682539,-0.022063492063492045
cycle_four,lis_length,256,condition,3,0.30428571428571427,-0.05555555555555558,-0.03214285714285714
cycle_four,lis_length,256,shared,3,0.28753968253968254,-0.07230158730158731,-0.04888888888888887
cycle_four,longest_increasing_run,64,candidate_shared,3,0.4291269841269841,0.03738095238095238,-0.0011111111111111183
cycle_four,longest_increasing_run,64,condition,3,0.41269841269841273,0.022380952380952373,-0.01753968253968256
cycle_four,longest_increasing_run,64,shared,3,0.4165079365079365,0.02619047619047617,-0.013730158730158759
cycle_four,longest_increasing_run,256,candidate_shared,3,0.3931746031746031,0.013095238095238085,-0.040873015873015915
cycle_four,longest_increasing_run,256,condition,3,0.3868253968253968,-0.04373015873015873,-0.047222222222222256
cycle_four,longest_increasing_run,256,shared,3,0.4266666666666667,-0.0038888888888888675,-0.007380952380952395
cycle_four,recoils,64,candidate_shared,3,0.14642857142857144,-0.050873015873015875,-0.09857142857142857
cycle_four,recoils,64,condition,3,0.1653968253968254,-0.03484126984126984,-0.0796031746031746
cycle_four,recoils,64,shared,3,0.1253968253968254,-0.07484126984126983,-0.1196031746031746
cycle_four,recoils,256,candidate_shared,3,0.20373015873015873,-0.03952380952380954,-0.07555555555555558
cycle_four,recoils,256,condition,3,0.2288888888888889,-0.041587301587301596,-0.05039682539682542
cycle_four,recoils,256,shared,3,0.1557142857142857,-0.11476190476190477,-0.1235714285714286
cycle_none,descents,64,candidate_shared,3,0.21103174603174604,-0.007460317460317463,-0.06230158730158728
cycle_none,descents,64,condition,3,0.2315873015873016,0.01642857142857143,-0.041746031746031725
cycle_none,descents,64,shared,3,0.20206349206349206,-0.013095238095238096,-0.07126984126984125
cycle_none,descents,256,candidate_shared,3,0.2329365079365079,-0.022142857142857148,-0.04801587301587302
cycle_none,descents,256,condition,3,0.24047619047619048,-0.020555555555555566,-0.04047619047619048
cycle_none,descents,256,shared,3,0.231984126984127,-0.029047619047619055,-0.048968253968253966
cycle_none,lis_length,64,candidate_shared,3,0.2988888888888889,0.013571428571428568,-0.01515873015873013
cycle_none,lis_length,64,condition,3,0.2899206349206349,0.0022222222222222365,-0.02412698412698409
cycle_none,lis_length,64,shared,3,0.271031746031746,-0.016666666666666663,-0.04301587301587299
cycle_none,lis_length,256,candidate_shared,3,0.3454761904761905,-0.004285714285714263,0.009047619047619082
cycle_none,lis_length,256,condition,3,0.33087301587301593,-0.02896825396825396,-0.005555555555555518
cycle_none,lis_length,256,shared,3,0.3323809523809524,-0.02746031746031748,-0.00404761904761904
cycle_none,longest_increasing_run,64,candidate_shared,3,0.40341269841269844,0.011666666666666678,-0.026825396825396825
cycle_none,longest_increasing_run,64,condition,3,0.3880952380952381,-0.002222222222222218,-0.04214285714285715
cycle_none,longest_increasing_run,64,shared,3,0.40198412698412705,0.011666666666666659,-0.02825396825396827
cycle_none,longest_increasing_run,256,candidate_shared,3,0.37349206349206354,-0.006587301587301568,-0.060555555555555564
cycle_none,longest_increasing_run,256,condition,3,0.4157936507936508,-0.014761904761904735,-0.018253968253968262
cycle_none,longest_increasing_run,256,shared,3,0.4056349206349206,-0.024920634920634916,-0.028412698412698445
cycle_none,recoils,64,candidate_shared,3,0.20468253968253966,0.007380952380952377,-0.040317460317460314
cycle_none,recoils,64,condition,3,0.20150793650793652,0.0012698412698412727,-0.04349206349206349
cycle_none,recoils,64,shared,3,0.2013492063492063,0.001111111111111109,-0.043650793650793655
cycle_none,recoils,256,candidate_shared,3,0.2312698412698413,-0.011984126984126986,-0.04801587301587303
cycle_none,recoils,256,condition,3,0.2284920634920635,-0.041984126984126985,-0.05079365079365081
cycle_none,recoils,256,shared,3,0.2204761904761905,-0.05000000000000001,-0.05880952380952383
cycle_three,descents,64,candidate_shared,3,0.17753968253968255,-0.04095238095238096,-0.09579365079365078
cycle_three,descents,64,condition,3,0.19373015873015875,-0.021428571428571425,-0.07960317460317458
cycle_three,descents,64,shared,3,0.15428571428571428,-0.06087301587301588,-0.11904761904761903
cycle_three,descents,256,candidate_shared,3,0.22603174603174603,-0.02904761904761906,-0.05492063492063493
cycle_three,descents,256,condition,3,0.22587301587301586,-0.03515873015873017,-0.05507936507936508
cycle_three,descents,256,shared,3,0.22634920634920633,-0.0346825396825397,-0.054603174603174605
cycle_three,lis_length,64,candidate_shared,3,0.2813492063492064,-0.003968253968253954,-0.03269841269841265
cycle_three,lis_length,64,condition,3,0.28595238095238096,-0.0017460317460317547,-0.02809523809523808
cycle_three,lis_length,64,shared,3,0.285,-0.0026984126984126813,-0.029047619047619006
cycle_three,lis_length,256,candidate_shared,3,0.33301587301587304,-0.01674603174603173,-0.003412698412698386
cycle_three,lis_length,256,condition,3,0.32785714285714285,-0.031984126984127004,-0.008571428571428563
cycle_three,lis_length,256,shared,3,0.3325396825396825,-0.02730158730158731,-0.0038888888888888675
cycle_three,longest_increasing_run,64,candidate_shared,3,0.4180952380952381,0.026349206349206344,-0.012142857142857158
cycle_three,longest_increasing_run,64,condition,3,0.39404761904761904,0.0037301587301587316,-0.036190476190476197
cycle_three,longest_increasing_run,64,shared,3,0.40134920634920634,0.011031746031746023,-0.02888888888888891
cycle_three,longest_increasing_run,256,candidate_shared,3,0.4172222222222222,0.037142857142857144,-0.016825396825396854
cycle_three,longest_increasing_run,256,condition,3,0.38365079365079363,-0.046904761904761914,-0.05039682539682544
cycle_three,longest_increasing_run,256,shared,3,0.44055555555555553,0.010000000000000009,0.006507936507936481
cycle_three,recoils,64,candidate_shared,3,0.16698412698412698,-0.030317460317460316,-0.07801587301587301
cycle_three,recoils,64,condition,3,0.1768253968253968,-0.023412698412698413,-0.06817460317460318
cycle_three,recoils,64,shared,3,0.15484126984126984,-0.0453968253968254,-0.09015873015873016
cycle_three,recoils,256,candidate_shared,3,0.22642857142857142,-0.016825396825396837,-0.05285714285714288
cycle_three,recoils,256,condition,3,0.2208730158730159,-0.049603174603174614,-0.05841269841269844
cycle_three,recoils,256,shared,3,0.2192857142857143,-0.051190476190476196,-0.06000000000000002
interior_four,descents,64,candidate_shared,3,0.23587301587301587,0.017380952380952375,-0.037460317460317444
interior_four,descents,64,condition,3,0.2318253968253968,0.016666666666666653,-0.0415079365079365
interior_four,descents,64,shared,3,0.2318253968253968,0.016666666666666653,-0.0415079365079365
interior_four,descents,256,candidate_shared,3,0.2791269841269841,0.02404761904761905,-0.0018253968253968227
interior_four,descents,256,condition,3,0.2703174603174603,0.009285714285714286,-0.010634920634920627
interior_four,descents,256,shared,3,0.2703174603174603,0.009285714285714286,-0.010634920634920627
interior_four,lis_length,64,candidate_shared,3,0.30746031746031743,0.02214285714285713,-0.006587301587301568
interior_four,lis_length,64,condition,3,0.3016666666666667,0.013968253968253982,-0.012380952380952345
interior_four,lis_length,64,shared,3,0.3016666666666667,0.013968253968253982,-0.012380952380952345
interior_four,lis_length,256,candidate_shared,3,0.34539682539682537,-0.004365079365079368,0.008968253968253978
interior_four,lis_length,256,condition,3,0.3337301587301587,-0.026111111111111102,-0.002698412698412663
interior_four,lis_length,256,shared,3,0.3337301587301587,-0.026111111111111102,-0.002698412698412663
interior_four,longest_increasing_run,64,candidate_shared,3,0.42976190476190473,0.038015873015873,-0.0004761904761905004
interior_four,longest_increasing_run,64,condition,3,0.4067460317460318,0.01642857142857142,-0.02349206349206351
interior_four,longest_increasing_run,64,shared,3,0.4067460317460318,0.01642857142857142,-0.02349206349206351
interior_four,longest_increasing_run,256,candidate_shared,3,0.427936507936508,0.047857142857142876,-0.006111111111111123
interior_four,longest_increasing_run,256,condition,3,0.4577777777777778,0.02722222222222222,0.023730158730158695
interior_four,longest_increasing_run,256,shared,3,0.4577777777777778,0.02722222222222222,0.023730158730158695
interior_four,recoils,64,candidate_shared,3,0.2142063492063492,0.016904761904761912,-0.03079365079365078
interior_four,recoils,64,condition,3,0.20404761904761903,0.003809523809523818,-0.04095238095238094
interior_four,recoils,64,shared,3,0.20404761904761903,0.003809523809523818,-0.04095238095238094
interior_four,recoils,256,candidate_shared,3,0.23634920634920634,-0.0069047619047619135,-0.04293650793650796
interior_four,recoils,256,condition,3,0.24238095238095236,-0.0280952380952381,-0.03690476190476192
interior_four,recoils,256,shared,3,0.24238095238095236,-0.0280952380952381,-0.03690476190476192
interior_none,descents,64,candidate_shared,5,0.23185714285714284,0.014761904761904764,-0.04147619047619046
interior_none,descents,64,condition,5,0.23185714285714284,0.0140952380952381,-0.04147619047619046
interior_none,descents,64,shared,5,0.22119047619047622,0.003428571428571431,-0.05214285714285712
interior_none,descents,256,candidate_shared,5,0.282,0.028666666666666646,0.0010476190476190305
interior_none,descents,256,condition,5,0.282,0.021857142857142842,0.0010476190476190305
interior_none,descents,256,shared,5,0.2894285714285714,0.029285714285714293,0.008476190476190481
interior_none,lis_length,64,candidate_shared,5,0.33776190476190476,0.05447619047619047,0.023714285714285743
interior_none,lis_length,64,condition,5,0.33776190476190476,0.05000000000000001,0.023714285714285743
interior_none,lis_length,64,shared,5,0.3272380952380953,0.039476190476190484,0.01319047619047622
interior_none,lis_length,256,candidate_shared,5,0.3767619047619048,0.029571428571428582,0.04033333333333335
interior_none,lis_length,256,condition,5,0.3767619047619048,0.031380952380952384,0.04033333333333335
interior_none,lis_length,256,shared,5,0.37085714285714283,0.025476190476190475,0.03442857142857144
interior_none,longest_increasing_run,64,candidate_shared,5,0.4102857142857143,0.02566666666666666,-0.019952380952380964
interior_none,longest_increasing_run,64,condition,5,0.4102857142857143,0.015619047619047621,-0.019952380952380964
interior_none,longest_increasing_run,64,shared,5,0.38357142857142856,-0.011095238095238113,-0.046666666666666703
interior_none,longest_increasing_run,256,candidate_shared,5,0.4398095238095238,0.047904761904761915,0.005761904761904746
interior_none,longest_increasing_run,256,condition,5,0.4398095238095238,0.0027619047619047766,0.005761904761904746
interior_none,longest_increasing_run,256,shared,5,0.4324761904761905,-0.00457142857142856,-0.0015714285714285904
interior_none,recoils,64,candidate_shared,5,0.21557142857142858,0.018095238095238098,-0.029428571428571422
interior_none,recoils,64,condition,5,0.21557142857142858,0.013714285714285724,-0.029428571428571422
interior_none,recoils,64,shared,5,0.20385714285714288,0.0020000000000000074,-0.041142857142857134
interior_none,recoils,256,candidate_shared,5,0.251952380952381,0.009000000000000008,-0.02733333333333334
interior_none,recoils,256,condition,5,0.251952380952381,-0.019619047619047612,-0.02733333333333334
interior_none,recoils,256,shared,5,0.2631904761904762,-0.008380952380952383,-0.016095238095238114
left_to_right_maxima,descents,64,candidate_shared,5,0.1810952380952381,-0.036000000000000004,-0.09223809523809523
left_to_right_maxima,descents,64,condition,5,0.1810952380952381,-0.03666666666666667,-0.09223809523809523
left_to_right_maxima,descents,64,shared,5,0.1672857142857143,-0.05047619047619047,-0.10604761904761903
left_to_right_maxima,descents,256,candidate_shared,5,0.26490476190476187,0.011571428571428571,-0.016047619047619043
left_to_right_maxima,descents,256,condition,5,0.26490476190476187,0.0047619047619047675,-0.016047619047619043
left_to_right_maxima,descents,256,shared,5,0.23433333333333337,-0.02580952380952381,-0.04661904761904762
left_to_right_maxima,lis_length,64,candidate_shared,5,0.2628571428571429,-0.020428571428571435,-0.05119047619047616
left_to_right_maxima,lis_length,64,condition,5,0.2628571428571429,-0.02490476190476189,-0.05119047619047616
left_to_right_maxima,lis_length,64,shared,5,0.2401904761904762,-0.04757142857142857,-0.07385714285714284
left_to_right_maxima,lis_length,256,candidate_shared,5,0.3396666666666667,-0.007523809523809521,0.003238095238095251
left_to_right_maxima,lis_length,256,condition,5,0.3396666666666667,-0.005714285714285716,0.003238095238095251
left_to_right_maxima,lis_length,256,shared,5,0.31761904761904763,-0.027761904761904755,-0.018809523809523786
left_to_right_maxima,longest_increasing_run,64,candidate_shared,5,0.3946666666666666,0.010047619047619038,-0.03557142857142859
left_to_right_maxima,longest_increasing_run,64,condition,5,0.3946666666666666,0.0,-0.03557142857142859
left_to_right_maxima,longest_increasing_run,64,shared,5,0.3843809523809524,-0.010285714285714277,-0.04585714285714286
left_to_right_maxima,longest_increasing_run,256,candidate_shared,5,0.43600000000000005,0.04409523809523811,0.0019523809523809387
left_to_right_maxima,longest_increasing_run,256,condition,5,0.43600000000000005,-0.0010476190476190305,0.0019523809523809387
left_to_right_maxima,longest_increasing_run,256,shared,5,0.4568095238095237,0.01976190476190477,0.02276190476190474
left_to_right_maxima,recoils,64,candidate_shared,5,0.17761904761904762,-0.019857142857142858,-0.06738095238095237
left_to_right_maxima,recoils,64,condition,5,0.17761904761904762,-0.024238095238095232,-0.06738095238095237
left_to_right_maxima,recoils,64,shared,5,0.15180952380952384,-0.05004761904761903,-0.09319047619047618
left_to_right_maxima,recoils,256,candidate_shared,5,0.24295238095238095,-5.551115123125783e-18,-0.036333333333333356
left_to_right_maxima,recoils,256,condition,5,0.24295238095238095,-0.028619047619047627,-0.036333333333333356
left_to_right_maxima,recoils,256,shared,5,0.22199999999999998,-0.04957142857142857,-0.057285714285714294
peaks,descents,64,candidate_shared,5,0.2327142857142857,0.01561904761904761,-0.04061904761904761
peaks,descents,64,condition,5,0.2327142857142857,0.014952380952380944,-0.04061904761904761
peaks,descents,64,shared,5,0.22466666666666665,0.006904761904761908,-0.04866666666666665
peaks,descents,256,candidate_shared,5,0.2591428571428572,0.0058095238095238035,-0.021809523809523813
peaks,descents,256,condition,5,0.2591428571428572,-0.0010000000000000009,-0.021809523809523813
peaks,descents,256,shared,5,0.25166666666666665,-0.008476190476190476,-0.029285714285714286
peaks,lis_length,64,candidate_shared,5,0.30842857142857144,0.025142857142857144,-0.005619047619047579
peaks,lis_length,64,condition,5,0.30842857142857144,0.020666666666666687,-0.005619047619047579
peaks,lis_length,64,shared,5,0.29914285714285715,0.011380952380952403,-0.014904761904761865
peaks,lis_length,256,candidate_shared,5,0.3384761904761905,-0.008714285714285707,0.0020476190476190646
peaks,lis_length,256,condition,5,0.3384761904761905,-0.006904761904761902,0.0020476190476190646
peaks,lis_length,256,shared,5,0.3191428571428571,-0.026238095238095248,-0.017285714285714283
peaks,longest_increasing_run,64,candidate_shared,5,0.40771428571428575,0.02309523809523808,-0.022523809523809547
peaks,longest_increasing_run,64,condition,5,0.40771428571428575,0.01304761904761904,-0.022523809523809547
peaks,longest_increasing_run,64,shared,5,0.3780476190476191,-0.01661904761904761,-0.0521904761904762
peaks,longest_increasing_run,256,candidate_shared,5,0.4073333333333333,0.015428571428571436,-0.026714285714285736
peaks,longest_increasing_run,256,condition,5,0.4073333333333333,-0.029714285714285704,-0.026714285714285736
peaks,longest_increasing_run,256,shared,5,0.4238095238095238,-0.013238095238095238,-0.010238095238095268
peaks,recoils,64,candidate_shared,5,0.2087142857142857,0.011238095238095236,-0.03628571428571428
peaks,recoils,64,condition,5,0.2087142857142857,0.006857142857142862,-0.03628571428571428
peaks,recoils,64,shared,5,0.2028571428571429,0.0010000000000000065,-0.042142857142857135
peaks,recoils,256,candidate_shared,5,0.24252380952380953,-0.00042857142857142817,-0.03676190476190478
peaks,recoils,256,condition,5,0.24252380952380953,-0.02904761904761905,-0.03676190476190478
peaks,recoils,256,shared,5,0.23809523809523808,-0.03347619047619048,-0.04119047619047621
position_four,descents,64,candidate_shared,3,0.23071428571428573,0.012222222222222218,-0.042619047619047605
position_four,descents,64,condition,3,0.22436507936507935,0.009206349206349199,-0.04896825396825396
position_four,descents,64,shared,3,0.22571428571428573,0.010555555555555549,-0.04761904761904761
position_four,descents,256,candidate_shared,3,0.24912698412698417,-0.0059523809523809494,-0.03182539682539682
position_four,descents,256,condition,3,0.25198412698412703,-0.009047619047619046,-0.02896825396825396
position_four,descents,256,shared,3,0.23992063492063495,-0.02111111111111112,-0.04103174603174603
position_four,lis_length,64,candidate_shared,3,0.29555555555555557,0.010238095238095232,-0.018492063492063466
position_four,lis_length,64,condition,3,0.29158730158730156,0.003888888888888886,-0.02246031746031744
position_four,lis_length,64,shared,3,0.2780952380952381,-0.009603174603174613,-0.03595238095238094
position_four,lis_length,256,candidate_shared,3,0.3367460317460318,-0.013015873015873,0.0003174603174603459
position_four,lis_length,256,condition,3,0.32761904761904764,-0.03222222222222224,-0.008809523809523804
position_four,lis_length,256,shared,3,0.32301587301587303,-0.03682539682539684,-0.013412698412698395
position_four,longest_increasing_run,64,candidate_shared,3,0.3952380952380952,0.0034920634920634908,-0.03500000000000001
position_four,longest_increasing_run,64,condition,3,0.41134920634920635,0.02103174603174603,-0.0188888888888889
position_four,longest_increasing_run,64,shared,3,0.3794444444444444,-0.010873015873015868,-0.0507936507936508
position_four,longest_increasing_run,256,candidate_shared,3,0.4083333333333334,0.02825396825396827,-0.025714285714285728
position_four,longest_increasing_run,256,condition,3,0.4146825396825397,-0.015873015873015855,-0.01936507936507938
position_four,longest_increasing_run,256,shared,3,0.4170634920634921,-0.01349206349206348,-0.016984126984127008
position_four,recoils,64,candidate_shared,3,0.2234920634920635,0.02619047619047619,-0.021507936507936504
position_four,recoils,64,condition,3,0.2246031746031746,0.024365079365079367,-0.020396825396825396
position_four,recoils,64,shared,3,0.21507936507936506,0.01484126984126985,-0.029920634920634914
position_four,recoils,256,candidate_shared,3,0.2312698412698413,-0.011984126984126986,-0.04801587301587303
position_four,recoils,256,condition,3,0.2334126984126984,-0.03706349206349207,-0.04587301587301589
position_four,recoils,256,shared,3,0.2437301587301587,-0.02674603174603175,-0.03555555555555557
position_none,descents,64,candidate_shared,3,0.20547619047619048,-0.013015873015873017,-0.06785714285714284
position_none,descents,64,condition,3,0.20547619047619048,-0.009682539682539681,-0.06785714285714284
position_none,descents,64,shared,3,0.20230158730158732,-0.012857142857142853,-0.07103174603174602
position_none,descents,256,candidate_shared,3,0.2651587301587302,0.010079365079365086,-0.015793650793650787
position_none,descents,256,condition,3,0.2651587301587302,0.004126984126984127,-0.015793650793650787
position_none,descents,256,shared,3,0.2495238095238095,-0.011507936507936523,-0.03142857142857144
position_none,lis_length,64,candidate_shared,3,0.30833333333333335,0.023015873015873028,-0.005714285714285672
position_none,lis_length,64,condition,3,0.30833333333333335,0.020634920634920655,-0.005714285714285672
position_none,lis_length,64,shared,3,0.3051587301587302,0.017460317460317454,-0.008888888888888872
position_none,lis_length,256,candidate_shared,3,0.3623809523809524,0.012619047619047622,0.025952380952380966
position_none,lis_length,256,condition,3,0.3623809523809524,0.002539682539682527,0.025952380952380966
position_none,lis_length,256,shared,3,0.361984126984127,0.0021428571428571317,0.02555555555555557
position_none,longest_increasing_run,64,candidate_shared,3,0.4454761904761904,0.05373015873015872,0.015238095238095217
position_none,longest_increasing_run,64,condition,3,0.4454761904761904,0.05515873015873015,0.015238095238095217
position_none,longest_increasing_run,64,shared,3,0.44857142857142857,0.05825396825396826,0.01833333333333333
position_none,longest_increasing_run,256,candidate_shared,3,0.47285714285714286,0.09277777777777775,0.03880952380952376
position_none,longest_increasing_run,256,condition,3,0.47285714285714286,0.042301587301587285,0.03880952380952376
position_none,longest_increasing_run,256,shared,3,0.48666666666666664,0.05611111111111113,0.0526190476190476
position_none,recoils,64,candidate_shared,3,0.18603174603174602,-0.011269841269841272,-0.05896825396825397
position_none,recoils,64,condition,3,0.18603174603174602,-0.014206349206349203,-0.05896825396825397
position_none,recoils,64,shared,3,0.16761904761904764,-0.03261904761904761,-0.07738095238095237
position_none,recoils,256,candidate_shared,3,0.2501587301587302,0.006904761904761904,-0.02912698412698414
position_none,recoils,256,condition,3,0.2501587301587302,-0.020317460317460317,-0.02912698412698414
position_none,recoils,256,shared,3,0.2400793650793651,-0.03039682539682541,-0.03920634920634924
position_three,descents,64,candidate_shared,3,0.2196031746031746,0.001111111111111109,-0.05373015873015871
position_three,descents,64,condition,3,0.2388888888888889,0.02373015873015873,-0.03444444444444442
position_three,descents,64,shared,3,0.21952380952380954,0.004365079365079359,-0.0538095238095238
position_three,descents,256,candidate_shared,3,0.24626984126984128,-0.008809523809523823,-0.0346825396825397
position_three,descents,256,condition,3,0.22666666666666668,-0.034365079365079376,-0.05428571428571429
position_three,descents,256,shared,3,0.2330952380952381,-0.027936507936507943,-0.047857142857142855
position_three,lis_length,64,candidate_shared,3,0.2961111111111111,0.01079365079365078,-0.017936507936507917
position_three,lis_length,64,condition,3,0.2903174603174603,0.0026190476190476133,-0.023730158730158712
position_three,lis_length,64,shared,3,0.27841269841269844,-0.009285714285714286,-0.03563492063492061
position_three,lis_length,256,candidate_shared,3,0.34714285714285714,-0.0026190476190476133,0.010714285714285732
position_three,lis_length,256,condition,3,0.3115079365079365,-0.04833333333333336,-0.024920634920634916
position_three,lis_length,256,shared,3,0.31801587301587303,-0.04182539682539684,-0.018412698412698398
position_three,longest_increasing_run,64,candidate_shared,3,0.37976190476190474,-0.011984126984126986,-0.05047619047619049
position_three,longest_increasing_run,64,condition,3,0.40404761904761904,0.013730158730158723,-0.02619047619047621
position_three,longest_increasing_run,64,shared,3,0.36674603174603176,-0.023571428571428577,-0.0634920634920635
position_three,longest_increasing_run,256,candidate_shared,3,0.4039682539682539,0.023888888888888887,-0.030079365079365112
position_three,longest_increasing_run,256,condition,3,0.3830952380952381,-0.047460317460317446,-0.05095238095238097
position_three,longest_increasing_run,256,shared,3,0.3838095238095238,-0.04674603174603174,-0.05023809523809527
position_three,recoils,64,candidate_shared,3,0.22698412698412698,0.029682539682539682,-0.018015873015873013
position_three,recoils,64,condition,3,0.23182539682539682,0.03158730158730159,-0.013174603174603172
position_three,recoils,64,shared,3,0.21428571428571427,0.014047619047619059,-0.030714285714285704
position_three,recoils,256,candidate_shared,3,0.24095238095238095,-0.0023015873015873045,-0.03833333333333335
position_three,recoils,256,condition,3,0.23174603174603173,-0.03873015873015875,-0.04753968253968257
position_three,recoils,256,shared,3,0.23547619047619048,-0.035,-0.043809523809523826
right_to_left_maxima,descents,64,candidate_shared,5,0.19676190476190478,-0.02033333333333333,-0.07657142857142855
right_to_left_maxima,descents,64,condition,5,0.19676190476190478,-0.020999999999999998,-0.07657142857142855
right_to_left_maxima,descents,64,shared,5,0.17442857142857143,-0.04333333333333333,-0.0989047619047619
right_to_left_maxima,descents,256,candidate_shared,5,0.24023809523809522,-0.01309523809523811,-0.040714285714285724
right_to_left_maxima,descents,256,condition,5,0.24023809523809522,-0.019904761904761915,-0.040714285714285724
right_to_left_maxima,descents,256,shared,5,0.24147619047619048,-0.018666666666666658,-0.03947619047619047
right_to_left_maxima,lis_length,64,candidate_shared,5,0.27014285714285713,-0.013142857142857161,-0.043904761904761884
right_to_left_maxima,lis_length,64,condition,5,0.27014285714285713,-0.017619047619047618,-0.043904761904761884
right_to_left_maxima,lis_length,64,shared,5,0.2543809523809524,-0.03338095238095236,-0.059666666666666625
right_to_left_maxima,lis_length,256,candidate_shared,5,0.3381904761904762,-0.008999999999999998,0.0017619047619047757
right_to_left_maxima,lis_length,256,condition,5,0.3381904761904762,-0.007190476190476192,0.0017619047619047757
right_to_left_maxima,lis_length,256,shared,5,0.33571428571428574,-0.009666666666666667,-0.0007142857142857006
right_to_left_maxima,longest_increasing_run,64,candidate_shared,5,0.4020476190476191,0.017428571428571425,-0.0281904761904762
right_to_left_maxima,longest_increasing_run,64,condition,5,0.4020476190476191,0.007380952380952388,-0.0281904761904762
right_to_left_maxima,longest_increasing_run,64,shared,5,0.3708095238095238,-0.023857142857142865,-0.059428571428571456
right_to_left_maxima,longest_increasing_run,256,candidate_shared,5,0.40338095238095234,0.011476190476190473,-0.030666666666666696
right_to_left_maxima,longest_increasing_run,256,condition,5,0.40338095238095234,-0.033666666666666664,-0.030666666666666696
right_to_left_maxima,longest_increasing_run,256,shared,5,0.41447619047619044,-0.022571428571428565,-0.019571428571428594
right_to_left_maxima,recoils,64,candidate_shared,5,0.20142857142857143,0.003952380952380952,-0.043571428571428567
right_to_left_maxima,recoils,64,condition,5,0.20142857142857143,-0.0004285714285714226,-0.043571428571428567
right_to_left_maxima,recoils,64,shared,5,0.17723809523809525,-0.024619047619047613,-0.06776190476190476
right_to_left_maxima,recoils,256,candidate_shared,5,0.2509523809523809,0.007999999999999997,-0.028333333333333356
right_to_left_maxima,recoils,256,condition,5,0.2509523809523809,-0.020619047619047627,-0.028333333333333356
right_to_left_maxima,recoils,256,shared,5,0.2470952380952381,-0.024476190476190474,-0.0321904761904762
valleys,descents,64,candidate_shared,5,0.2241904761904762,0.007095238095238094,-0.04914285714285713
valleys,descents,64,condition,5,0.2241904761904762,0.006428571428571428,-0.04914285714285713
valleys,descents,64,shared,5,0.2138095238095238,-0.003952380952380952,-0.059523809523809514
valleys,descents,256,candidate_shared,5,0.2581904761904762,0.004857142857142854,-0.02276190476190476
valleys,descents,256,condition,5,0.2581904761904762,-0.0019523809523809498,-0.02276190476190476
valleys,descents,256,shared,5,0.24847619047619046,-0.011666666666666669,-0.03247619047619048
valleys,lis_length,64,candidate_shared,5,0.30742857142857144,0.024142857142857122,-0.0066190476190476025
valleys,lis_length,64,condition,5,0.30742857142857144,0.019666666666666666,-0.0066190476190476025
valleys,lis_length,64,shared,5,0.27942857142857136,-0.008333333333333337,-0.034619047619047605
valleys,lis_length,256,candidate_shared,5,0.3240952380952381,-0.02309523809523808,-0.012333333333333307
valleys,lis_length,256,condition,5,0.3240952380952381,-0.021285714285714276,-0.012333333333333307
valleys,lis_length,256,shared,5,0.31004761904761907,-0.03533333333333333,-0.02638095238095236
valleys,longest_increasing_run,64,candidate_shared,5,0.40247619047619043,0.01785714285714285,-0.027761904761904776
valleys,longest_increasing_run,64,condition,5,0.40247619047619043,0.0078095238095238105,-0.027761904761904776
valleys,longest_increasing_run,64,shared,5,0.376047619047619,-0.018619047619047625,-0.05419047619047621
valleys,longest_increasing_run,256,candidate_shared,5,0.4217142857142857,0.02980952380952382,-0.012333333333333352
valleys,longest_increasing_run,256,condition,5,0.4217142857142857,-0.01533333333333332,-0.012333333333333352
valleys,longest_increasing_run,256,shared,5,0.4241904761904761,-0.012857142857142845,-0.009857142857142875
valleys,recoils,64,candidate_shared,5,0.19842857142857145,0.0009523809523809545,-0.04657142857142856
valleys,recoils,64,condition,5,0.19842857142857145,-0.0034285714285714197,-0.04657142857142856
valleys,recoils,64,shared,5,0.19033333333333333,-0.01152380952380952,-0.05466666666666666
valleys,recoils,256,candidate_shared,5,0.24066666666666664,-0.0022857142857142855,-0.038619047619047636
valleys,recoils,256,condition,5,0.24066666666666664,-0.030904761904761907,-0.038619047619047636
valleys,recoils,256,shared,5,0.23319047619047617,-0.03838095238095239,-0.04609523809523812
