mode,budget,baseline,augmented,group,mse_improvement,rows
shared,64,source_learning,source_learning_plus_relations,cycle_none,0.0002022834321104706,12
shared,64,source_learning,source_learning_plus_relations,cycle_three,2.1742813833243946e-05,12
shared,64,source_learning,source_learning_plus_relations,cycle_four,0.00039944694593567546,12
shared,64,source_learning,source_learning_plus_relations,interior_none,2.7762167480246563e-05,12
shared,64,source_learning,source_learning_plus_relations,interior_four,1.0214890158482984e-05,12
shared,64,source_learning,source_learning_plus_relations,position_none,0.00011852957923517866,12
shared,64,source_learning,source_learning_plus_relations,position_three,0.00027623422169099226,12
shared,64,source_learning,source_learning_plus_relations,position_four,-0.0005782099985648985,12
shared,64,source_learning_and_label_stats,source_learning_label_stats_plus_relations,cycle_none,-0.0001195803723817795,12
shared,64,source_learning_and_label_stats,source_learning_label_stats_plus_relations,cycle_three,0.00040109416911318776,12
shared,64,source_learning_and_label_stats,source_learning_label_stats_plus_relations,cycle_four,-2.4970623892322017e-05,12
shared,64,source_learning_and_label_stats,source_learning_label_stats_plus_relations,interior_none,-1.346170218944821e-05,12
shared,64,source_learning_and_label_stats,source_learning_label_stats_plus_relations,interior_four,-3.478304383422274e-05,12
shared,64,source_learning_and_label_stats,source_learning_label_stats_plus_relations,position_none,1.017389456735487e-05,12
shared,64,source_learning_and_label_stats,source_learning_label_stats_plus_relations,position_three,-9.206627746941432e-06,12
shared,64,source_learning_and_label_stats,source_learning_label_stats_plus_relations,position_four,-4.015506700923265e-05,12
shared,256,source_learning,source_learning_plus_relations,cycle_none,-0.00010979418070038063,12
shared,256,source_learning,source_learning_plus_relations,cycle_three,0.00022957475001366169,12
shared,256,source_learning,source_learning_plus_relations,cycle_four,0.0003371134197120215,12
shared,256,source_learning,source_learning_plus_relations,interior_none,-0.00016890025657954587,12
shared,256,source_learning,source_learning_plus_relations,interior_four,8.704967639230696e-05,12
shared,256,source_learning,source_learning_plus_relations,position_none,-1.9374836725892085e-06,12
shared,256,source_learning,source_learning_plus_relations,position_three,-3.1259874155774635e-05,12
shared,256,source_learning,source_learning_plus_relations,position_four,0.0002428753020288581,12
shared,256,source_learning_and_label_stats,source_learning_label_stats_plus_relations,cycle_none,-0.00015099571576944717,12
shared,256,source_learning_and_label_stats,source_learning_label_stats_plus_relations,cycle_three,0.0003631717631181381,12
shared,256,source_learning_and_label_stats,source_learning_label_stats_plus_relations,cycle_four,0.00034132246431702306,12
shared,256,source_learning_and_label_stats,source_learning_label_stats_plus_relations,interior_none,-8.021626004647542e-05,12
shared,256,source_learning_and_label_stats,source_learning_label_stats_plus_relations,interior_four,-0.00021867604584615535,12
shared,256,source_learning_and_label_stats,source_learning_label_stats_plus_relations,position_none,-5.462362557524757e-05,12
shared,256,source_learning_and_label_stats,source_learning_label_stats_plus_relations,position_three,1.2540356863575515e-05,12
shared,256,source_learning_and_label_stats,source_learning_label_stats_plus_relations,position_four,0.00019010530789380264,12
condition,64,source_learning,source_learning_plus_relations,cycle_none,0.0001161725112128882,12
condition,64,source_learning,source_learning_plus_relations,cycle_three,-3.0335369710879793e-05,12
condition,64,source_learning,source_learning_plus_relations,cycle_four,4.38019569636747e-05,12
condition,64,source_learning,source_learning_plus_relations,interior_none,-6.148018678164887e-06,12
condition,64,source_learning,source_learning_plus_relations,interior_four,-2.2023894477853266e-05,12
condition,64,source_learning,source_learning_plus_relations,position_none,0.00015236567843292056,12
condition,64,source_learning,source_learning_plus_relations,position_three,9.782143727458987e-05,12
condition,64,source_learning,source_learning_plus_relations,position_four,-0.00027457100642046256,12
condition,64,source_learning_and_label_stats,source_learning_label_stats_plus_relations,cycle_none,1.2596143217124608e-05,12
condition,64,source_learning_and_label_stats,source_learning_label_stats_plus_relations,cycle_three,9.978410532969705e-05,12
condition,64,source_learning_and_label_stats,source_learning_label_stats_plus_relations,cycle_four,-7.218343375531012e-05,12
condition,64,source_learning_and_label_stats,source_learning_label_stats_plus_relations,interior_none,-7.66656562584652e-06,12
condition,64,source_learning_and_label_stats,source_learning_label_stats_plus_relations,interior_four,-2.3595358494016994e-05,12
condition,64,source_learning_and_label_stats,source_learning_label_stats_plus_relations,position_none,-2.425473604341328e-06,12
condition,64,source_learning_and_label_stats,source_learning_label_stats_plus_relations,position_three,-2.8575055061501307e-06,12
condition,64,source_learning_and_label_stats,source_learning_label_stats_plus_relations,position_four,3.9867217459218096e-05,12
condition,256,source_learning,source_learning_plus_relations,cycle_none,-8.534134551386591e-05,12
condition,256,source_learning,source_learning_plus_relations,cycle_three,-0.000213915509134769,12
condition,256,source_learning,source_learning_plus_relations,cycle_four,6.62024647720275e-05,12
condition,256,source_learning,source_learning_plus_relations,interior_none,-0.000538329964789667,12
condition,256,source_learning,source_learning_plus_relations,interior_four,9.735131001344408e-05,12
condition,256,source_learning,source_learning_plus_relations,position_none,8.456893843321356e-05,12
condition,256,source_learning,source_learning_plus_relations,position_three,7.163460956328041e-05,12
condition,256,source_learning,source_learning_plus_relations,position_four,0.00025568757863404746,12
condition,256,source_learning_and_label_stats,source_learning_label_stats_plus_relations,cycle_none,-7.364057407160031e-05,12
condition,256,source_learning_and_label_stats,source_learning_label_stats_plus_relations,cycle_three,-0.00018291257943400663,12
condition,256,source_learning_and_label_stats,source_learning_label_stats_plus_relations,cycle_four,7.483225585112752e-05,12
condition,256,source_learning_and_label_stats,source_learning_label_stats_plus_relations,interior_none,-0.00032027852421250594,12
condition,256,source_learning_and_label_stats,source_learning_label_stats_plus_relations,interior_four,-0.00025293330629406617,12
condition,256,source_learning_and_label_stats,source_learning_label_stats_plus_relations,position_none,-2.7143208453499217e-05,12
condition,256,source_learning_and_label_stats,source_learning_label_stats_plus_relations,position_three,1.724223947737332e-05,12
condition,256,source_learning_and_label_stats,source_learning_label_stats_plus_relations,position_four,0.00011406732311721697,12
