phase,group,seed,task,accuracy,cross_entropy
multi,position_none,2027,double_ascents,0.30523809523809525,1.7050863720121838
multi,position_none,2027,double_descents,0.3080952380952381,1.686386511666434
multi,position_none,2027,successions,0.4776190476190476,1.1420137223743256
multi,position_none,2027,adjacencies,0.32285714285714284,1.546346660795666
multi,interior_four,2027,peaks,0.6190476190476191,0.8780242034367153
multi,interior_four,2027,valleys,0.6114285714285714,0.9068454120272682
multi,interior_four,2027,double_ascents,0.4442857142857143,1.3352965118771507
multi,interior_four,2027,double_descents,0.4280952380952381,1.324258596329462
multi,interior_none,1009,peaks,0.9185714285714286,0.2342547502971831
multi,interior_none,1009,valleys,0.9285714285714286,0.2106468439669836
multi,interior_none,1009,left_to_right_maxima,0.9804761904761905,0.05761670556096803
multi,interior_none,1009,right_to_left_maxima,0.9295238095238095,0.17791941654114496
multi,cycle_none,2027,exceedances,0.9957142857142857,0.014691216855176858
multi,cycle_none,2027,cycle_count,0.35285714285714287,1.4639447457449777
multi,cycle_none,2027,three_cycle_count,0.7014285714285714,0.7532506034487769
multi,cycle_none,2027,odd_cycle_count,0.6985714285714286,0.5835227884565081
multi,interior_none,4051,peaks,0.5323809523809524,1.0728785841805595
multi,interior_none,4051,valleys,0.5214285714285715,1.0801575479053316
multi,interior_none,4051,left_to_right_maxima,0.9914285714285714,0.027019183259634743
multi,interior_none,4051,right_to_left_maxima,0.86,0.322686676297869
multi,interior_four,3037,peaks,0.6623809523809524,0.7959249641781762
multi,interior_four,3037,valleys,0.6619047619047619,0.7753784275054931
multi,interior_four,3037,double_ascents,0.37523809523809526,1.4629162107195173
multi,interior_four,3037,double_descents,0.4042857142857143,1.3921916689191545
multi,interior_none,5059,peaks,0.5761904761904761,0.9532308605739048
multi,interior_none,5059,valleys,0.5947619047619047,0.9183086658659435
multi,interior_none,5059,left_to_right_maxima,0.991904761904762,0.023331560648622966
multi,interior_none,5059,right_to_left_maxima,0.9161904761904762,0.22306191767965045
multi,cycle_four,2027,fixed_points,0.9971428571428571,0.015922370709124067
multi,cycle_four,2027,even_cycle_count,0.3761904761904762,1.4166769372849237
multi,cycle_four,2027,odd_cycle_count,0.7014285714285714,0.5785692060561407
multi,cycle_four,2027,nontrivial_cycle_count,0.3419047619047619,1.4523120298839751
multi,position_none,1009,double_ascents,0.2966666666666667,1.7169088272821336
multi,position_none,1009,double_descents,0.29095238095238096,1.7325437927246095
multi,position_none,1009,successions,0.5095238095238095,1.0632438823154995
multi,position_none,1009,adjacencies,0.38142857142857145,1.4184045137677874
multi,position_four,3037,exceedances,0.9928571428571429,0.022202799155243806
multi,position_four,3037,deficiencies,0.9938095238095238,0.016778959164484627
multi,position_four,3037,cycle_count,0.36047619047619045,1.4625203341529482
multi,position_four,3037,nontrivial_cycle_count,0.36428571428571427,1.4287542760939824
multi,cycle_three,3037,fixed_points,0.9938095238095238,0.02599563177320219
multi,cycle_three,3037,cycle_count,0.3661904761904762,1.4401114000592914
multi,cycle_three,3037,nontrivial_cycle_count,0.35333333333333333,1.429068581717355
multi,cycle_three,3037,components,0.9876190476190476,0.06735446773824237
multi,interior_none,2027,peaks,0.6819047619047619,0.7536848399752663
multi,interior_none,2027,valleys,0.68,0.7494852502005441
multi,interior_none,2027,left_to_right_maxima,0.9838095238095238,0.04817549606164297
multi,interior_none,2027,right_to_left_maxima,0.8761904761904762,0.3175446112950643
multi,position_three,1009,fixed_points,1.0,0.00043476908811412396
multi,position_three,1009,exceedances,0.9995238095238095,0.0013443582522727193
multi,position_three,1009,deficiencies,0.9990476190476191,0.0029521869797082176
multi,position_three,1009,right_to_left_minima,0.9761904761904762,0.0738315168071893
multi,position_none,3037,double_ascents,0.36142857142857143,1.5164573396955217
multi,position_none,3037,double_descents,0.37666666666666665,1.5004334767659506
multi,position_none,3037,successions,0.48,1.1045247177850632
multi,position_none,3037,adjacencies,0.34523809523809523,1.4491325124104817
multi,cycle_three,2027,fixed_points,0.9923809523809524,0.024349585236715418
multi,cycle_three,2027,cycle_count,0.3438095238095238,1.4578334045410157
multi,cycle_three,2027,nontrivial_cycle_count,0.3466666666666667,1.4432750992547898
multi,cycle_three,2027,components,0.9861904761904762,0.06696321573640619
multi,interior_none,3037,peaks,0.7309523809523809,0.6343741514569237
multi,interior_none,3037,valleys,0.7438095238095238,0.6188195392063686
multi,interior_none,3037,left_to_right_maxima,0.9914285714285714,0.028210111806790034
multi,interior_none,3037,right_to_left_maxima,0.8366666666666667,0.39902166366577146
multi,cycle_none,3037,exceedances,0.9966666666666667,0.013077454134112312
multi,cycle_none,3037,cycle_count,0.3485714285714286,1.473406502859933
multi,cycle_none,3037,three_cycle_count,0.7014285714285714,0.7564183098929269
multi,cycle_none,3037,odd_cycle_count,0.6914285714285714,0.6049907520839146
multi,position_four,2027,exceedances,0.9966666666666667,0.017066626753658058
multi,position_four,2027,deficiencies,0.9966666666666667,0.015071417485319432
multi,position_four,2027,cycle_count,0.3585714285714286,1.4579254477364676
multi,position_four,2027,nontrivial_cycle_count,0.35714285714285715,1.4333300417945498
multi,position_three,2027,fixed_points,1.0,0.00010608530938736207
multi,position_three,2027,exceedances,0.9990476190476191,0.0019420579639041707
multi,position_three,2027,deficiencies,0.9995238095238095,0.0015689730987928452
multi,position_three,2027,right_to_left_minima,0.9871428571428571,0.039833763062599156
multi,cycle_none,1009,exceedances,0.9952380952380953,0.014739013848205407
multi,cycle_none,1009,cycle_count,0.3647619047619048,1.4420153336297898
multi,cycle_none,1009,three_cycle_count,0.7014285714285714,0.7537661180042086
multi,cycle_none,1009,odd_cycle_count,0.6966666666666667,0.5982805797031947
multi,position_four,1009,exceedances,0.9938095238095238,0.020203152032835143
multi,position_four,1009,deficiencies,0.9938095238095238,0.020516294334083796
multi,position_four,1009,cycle_count,0.36,1.455643067132859
multi,position_four,1009,nontrivial_cycle_count,0.3576190476190476,1.4358457619803293
multi,cycle_three,1009,fixed_points,0.9938095238095238,0.021839337522784868
multi,cycle_three,1009,cycle_count,0.36238095238095236,1.4562041437058222
multi,cycle_three,1009,nontrivial_cycle_count,0.35904761904761906,1.442360331217448
multi,cycle_three,1009,components,0.9861904761904762,0.07109028420987583
multi,cycle_four,3037,fixed_points,0.9961904761904762,0.01489758077742798
multi,cycle_four,3037,even_cycle_count,0.3852380952380952,1.4128639511835008
multi,cycle_four,3037,odd_cycle_count,0.7066666666666667,0.5706241643996466
multi,cycle_four,3037,nontrivial_cycle_count,0.3557142857142857,1.4394486127580914
multi,interior_four,1009,peaks,0.5995238095238096,0.9168201283046178
multi,interior_four,1009,valleys,0.5933333333333334,0.9263721665881929
multi,interior_four,1009,double_ascents,0.32047619047619047,1.622753419421968
multi,interior_four,1009,double_descents,0.3333333333333333,1.6024715786888486
multi,position_three,3037,fixed_points,0.9990476190476191,0.0026497205388953996
multi,position_three,3037,exceedances,0.9971428571428571,0.006236178871199843
multi,position_three,3037,deficiencies,0.9985714285714286,0.007345652823846432
multi,position_three,3037,right_to_left_minima,0.981904761904762,0.0654132960652489
multi,cycle_four,1009,fixed_points,0.9947619047619047,0.022709170775931507
multi,cycle_four,1009,even_cycle_count,0.37142857142857144,1.4136060551234655
multi,cycle_four,1009,odd_cycle_count,0.7161904761904762,0.5709647178649903
multi,cycle_four,1009,nontrivial_cycle_count,0.3504761904761905,1.4453853316534133
single,right_to_left_maxima,2027,right_to_left_maxima,0.981904761904762,0.06571959193396781
single,left_to_right_maxima,1009,left_to_right_maxima,1.0,0.0014827472954389773
single,valleys,4051,valleys,0.7690476190476191,0.5588372331928639
single,left_to_right_maxima,4051,left_to_right_maxima,1.0,0.00020165091246044972
single,valleys,2027,valleys,0.7166666666666667,0.6917245729764303
single,right_to_left_maxima,1009,right_to_left_maxima,0.9880952380952381,0.02960878230210039
single,left_to_right_maxima,2027,left_to_right_maxima,0.9995238095238095,0.0018241767557005265
single,left_to_right_maxima,3037,left_to_right_maxima,0.9995238095238095,0.002184405887965113
single,right_to_left_maxima,3037,right_to_left_maxima,0.9814285714285714,0.07255769518514474
single,right_to_left_maxima,4051,right_to_left_maxima,0.9880952380952381,0.03702330932176361
single,peaks,2027,peaks,0.5766666666666667,0.9785235886346726
single,peaks,4051,peaks,0.7666666666666667,0.5493191772699356
single,peaks,3037,peaks,0.7271428571428571,0.6732494569960095
single,peaks,5059,peaks,0.5985714285714285,0.9495790104638963
single,valleys,1009,valleys,0.7704761904761904,0.5600269009101958
single,left_to_right_maxima,5059,left_to_right_maxima,0.9995238095238095,0.004870356251818261
single,valleys,5059,valleys,0.8847619047619047,0.2810616751875551
single,peaks,1009,peaks,0.5595238095238095,1.0028123873756045
single,right_to_left_maxima,5059,right_to_left_maxima,0.9895238095238095,0.024579219771327362
single,valleys,3037,valleys,0.7942857142857143,0.5259675548332078
