group,seed,source_accuracy,source_joint_accuracy,majority_accuracy,prediction_sha256
cycle_none,17,0.6976190476190476,0.2154761904761905,0.4654761904761905,e52a980d51b5389b87295278423390f1723b3ac9f2ce0567cdce3cf660951987
cycle_none,42,0.6961309523809524,0.2154761904761905,0.4654761904761905,181868ffc97c117837e5e4545364455fbc0fcae69751272ac8d5f7c470e10787
cycle_none,101,0.6925595238095238,0.21071428571428572,0.4654761904761905,a31dc59b7cb5365d570b367c57557413661724c54784cbba1d2a20832afec2f6
cycle_three,17,0.6827380952380953,0.31547619047619047,0.4818452380952381,79d95848928f4976aa706f1419f80d73d775dca70f599a3fe52b865bd9f1321e
cycle_three,42,0.68125,0.30357142857142855,0.4818452380952381,be85598f1658b35e519b9ffcd156fefc9308a8f8537539b2ea9f89d421e592a2
cycle_three,101,0.6761904761904762,0.3119047619047619,0.4818452380952381,279be1ca5da87c0b6f8ccafd10e5b6a29424c4e08700a659d8b02c2b9792a3a6
cycle_four,17,0.6139880952380953,0.16428571428571428,0.42797619047619045,4a18809e00670967bd35ecaf6dc1d01e9722a74cd086377eb77cbcfe4f2ae8ac
cycle_four,42,0.6080357142857142,0.17261904761904762,0.42797619047619045,b33a09d482d5e5ce9406abe1998db583542c19b56175cafffc5a160ef695ef01
cycle_four,101,0.6101190476190477,0.1595238095238095,0.42797619047619045,cd2bf23a8a4a178f1b28349a98866b644c8daf2a4a35886ac540b58edf9b2dc6
interior_none,17,0.7904761904761904,0.5,0.3375,cd4a59d8a9ed0223f26075eecce1e55bd0e109ef5efa21c7f267aeb5374c5390
interior_none,42,0.7264880952380952,0.37142857142857144,0.3375,f0b932bf1fe68d1f42c8e1bfd170c1a7610d6a91bc84f1ab57f66a7d633ea6cb
interior_none,101,0.95625,0.8595238095238096,0.3375,0cf295d5a60c4cff17a6a79168cb26323884db1a4fb0fa5ac80e8006d0cb3f6e
interior_four,17,0.5044642857142857,0.15119047619047618,0.33690476190476193,f85a9205d9563a9030bbb611cea3e241b89096e32953f7ab652a0256631f1f96
interior_four,42,0.4380952380952381,0.07380952380952381,0.33690476190476193,0822ffca54ff39c7e49b978ae8e63163128d3b8bfadbe1cfe3d5ddf6f958646d
interior_four,101,0.5104166666666666,0.1595238095238095,0.33690476190476193,0cbbd4de7473b497e3e2d1d14739f7b71fbf9902b114efa157c57dff0487f75a
position_none,17,0.40922619047619047,0.05238095238095238,0.30565476190476193,fb6068d1aecb2965ab622f0fcc7891e1eb34279f15a2ff8b54dbda7777fa3851
position_none,42,0.35714285714285715,0.034523809523809526,0.30565476190476193,6c6f61207edf7f1c6cf8c199088682edcd4cbac118869e411b6c3fe7e998350f
position_none,101,0.35267857142857145,0.02142857142857143,0.30565476190476193,44b537379f2c45378e66c650961aa8f770df5dae7348ccadaa4a90ea67e2acfb
position_three,17,0.9949404761904762,0.9821428571428571,0.3011904761904762,2c8079e7e8094ae175752c2c2537021646808ec794fa60fe9358e03041c0befb
position_three,42,0.993452380952381,0.9761904761904762,0.3011904761904762,27599bc05ea7cca55190b562799697e0d886cd96b11037f83796457d76854773
position_three,101,0.9946428571428572,0.9797619047619047,0.3011904761904762,c5beb334cc15513b5d9590fc51c950e3a49a96f0b4613f0c871aaecd6b4a6aff
position_four,17,0.6833333333333333,0.305952380952381,0.30892857142857144,c2cb25ac469a93cd3689f797cf3a68308af90fb8005084ccb89c49d49e264621
position_four,42,0.6848214285714286,0.31785714285714284,0.30892857142857144,c4f78d3615d51ea8ac387ea7920d0cb29b3f9f273ebb23d76f9b09ba02e2e8dc
position_four,101,0.6797619047619048,0.29642857142857143,0.30892857142857144,344428d310c25cdde3a0fdb76e55b601a977a95354e417e32c421f4f34956ce8
