seed,left,right,centering,linear_cka
17,cycle_none,cycle_three,raw,0.05662761764683243
17,cycle_none,cycle_four,raw,0.05205687113722375
17,cycle_none,interior_none,raw,0.09300763892437908
17,cycle_none,interior_four,raw,0.1716240620354724
17,cycle_none,position_none,raw,0.14082926685242045
17,cycle_none,position_three,raw,0.28126904426615923
17,cycle_none,position_four,raw,0.14983824615095423
17,cycle_three,cycle_four,raw,0.3245404083486865
17,cycle_three,interior_none,raw,0.2732336348333157
17,cycle_three,interior_four,raw,0.36822203551623023
17,cycle_three,position_none,raw,0.1995420940750871
17,cycle_three,position_three,raw,0.23723690200316563
17,cycle_three,position_four,raw,0.3636359389526376
17,cycle_four,interior_none,raw,0.27399427158885786
17,cycle_four,interior_four,raw,0.3897940413172654
17,cycle_four,position_none,raw,0.2117388954952882
17,cycle_four,position_three,raw,0.24096003986915182
17,cycle_four,position_four,raw,0.3583741939040592
17,interior_none,interior_four,raw,0.6537751405111942
17,interior_none,position_none,raw,0.3557836987386365
17,interior_none,position_three,raw,0.4572682518907875
17,interior_none,position_four,raw,0.6062584549398403
17,interior_four,position_none,raw,0.5874771117960272
17,interior_four,position_three,raw,0.6886335691529261
17,interior_four,position_four,raw,0.8689666950314131
17,position_none,position_three,raw,0.4414772065388008
17,position_none,position_four,raw,0.4741610432801519
17,position_three,position_four,raw,0.5449664974671187
17,cycle_none,cycle_three,within_length,0.030652394165594798
17,cycle_none,cycle_four,within_length,0.01075807376762182
17,cycle_none,interior_none,within_length,0.007127490294875571
17,cycle_none,interior_four,within_length,0.008928592154638738
17,cycle_none,position_none,within_length,0.002101287870430316
17,cycle_none,position_three,within_length,0.023342392688520477
17,cycle_none,position_four,within_length,0.11280425793611089
17,cycle_three,cycle_four,within_length,0.31942748941767873
17,cycle_three,interior_none,within_length,0.00952278212052854
17,cycle_three,interior_four,within_length,0.02005124730964251
17,cycle_three,position_none,within_length,0.0043205634690729414
17,cycle_three,position_three,within_length,0.052238979002692705
17,cycle_three,position_four,within_length,0.012635920657897374
17,cycle_four,interior_none,within_length,0.0023541564150977023
17,cycle_four,interior_four,within_length,0.005370543116526546
17,cycle_four,position_none,within_length,0.0024877881690108542
17,cycle_four,position_three,within_length,0.02486902099244479
17,cycle_four,position_four,within_length,0.004384525356655562
17,interior_none,interior_four,within_length,0.011443604655061548
17,interior_none,position_none,within_length,0.012231606803896598
17,interior_none,position_three,within_length,0.004706247948632788
17,interior_none,position_four,within_length,0.006224940812840736
17,interior_four,position_none,within_length,0.04470380069102119
17,interior_four,position_three,within_length,0.05232435850121036
17,interior_four,position_four,within_length,0.014158612764319737
17,position_none,position_three,within_length,0.004552380201871073
17,position_none,position_four,within_length,0.01649979564472694
17,position_three,position_four,within_length,0.014896517770648625
42,cycle_none,cycle_three,raw,0.09983172342302189
42,cycle_none,cycle_four,raw,0.03534637080749174
42,cycle_none,interior_none,raw,0.35068766017957764
42,cycle_none,interior_four,raw,0.5439607307094639
42,cycle_none,position_none,raw,0.30411378460492006
42,cycle_none,position_three,raw,0.5101112710614105
42,cycle_none,position_four,raw,0.4371817281835249
42,cycle_three,cycle_four,raw,0.1213627034276908
42,cycle_three,interior_none,raw,0.06087533352120583
42,cycle_three,interior_four,raw,0.21601225287529008
42,cycle_three,position_none,raw,0.1815490322014012
42,cycle_three,position_three,raw,0.298342308636387
42,cycle_three,position_four,raw,0.17275307492278652
42,cycle_four,interior_none,raw,0.030958599206485565
42,cycle_four,interior_four,raw,0.05324073104413216
42,cycle_four,position_none,raw,0.03767162399103432
42,cycle_four,position_three,raw,0.05138530681962089
42,cycle_four,position_four,raw,0.04255960867570735
42,interior_none,interior_four,raw,0.5211027058269196
42,interior_none,position_none,raw,0.3981088160764504
42,interior_none,position_three,raw,0.5076825543834405
42,interior_none,position_four,raw,0.36294266140624687
42,interior_four,position_none,raw,0.706404495955442
42,interior_four,position_three,raw,0.7928526683398027
42,interior_four,position_four,raw,0.6767201057210801
42,position_none,position_three,raw,0.6611509167479426
42,position_none,position_four,raw,0.5009270543055239
42,position_three,position_four,raw,0.6593758916391828
42,cycle_none,cycle_three,within_length,0.012134514502834063
42,cycle_none,cycle_four,within_length,0.013852006450980786
42,cycle_none,interior_none,within_length,0.01894190451630044
42,cycle_none,interior_four,within_length,0.02058426236038147
42,cycle_none,position_none,within_length,0.006390406788176183
42,cycle_none,position_three,within_length,0.032872589082092465
42,cycle_none,position_four,within_length,0.01832188977427549
42,cycle_three,cycle_four,within_length,0.15272287223823797
42,cycle_three,interior_none,within_length,0.01237044532648097
42,cycle_three,interior_four,within_length,0.016724535137265482
42,cycle_three,position_none,within_length,0.0033203979468757173
42,cycle_three,position_three,within_length,0.31097415684311236
42,cycle_three,position_four,within_length,0.030943454036748717
42,cycle_four,interior_none,within_length,0.00718884865102468
42,cycle_four,interior_four,within_length,0.0033695928036732896
42,cycle_four,position_none,within_length,0.004394427006014529
42,cycle_four,position_three,within_length,0.01726310575138785
42,cycle_four,position_four,within_length,0.005935879799600924
42,interior_none,interior_four,within_length,0.0333788912931891
42,interior_none,position_none,within_length,0.0009758616373825863
42,interior_none,position_three,within_length,0.006310805307920593
42,interior_none,position_four,within_length,0.005565091755579965
42,interior_four,position_none,within_length,0.008939792532816376
42,interior_four,position_three,within_length,0.009699618109551618
42,interior_four,position_four,within_length,0.01368073308855761
42,position_none,position_three,within_length,0.002862912687244496
42,position_none,position_four,within_length,0.004022733218151633
42,position_three,position_four,within_length,0.03294808237841542
101,cycle_none,cycle_three,raw,0.027917455622925642
101,cycle_none,cycle_four,raw,0.06781129416621243
101,cycle_none,interior_none,raw,0.029734040529076345
101,cycle_none,interior_four,raw,0.029460361124346333
101,cycle_none,position_none,raw,0.023438454888524717
101,cycle_none,position_three,raw,0.029240885148318005
101,cycle_none,position_four,raw,0.030686025097123894
101,cycle_three,cycle_four,raw,0.6165886806199506
101,cycle_three,interior_none,raw,0.818930738664229
101,cycle_three,interior_four,raw,0.8571323689962005
101,cycle_three,position_none,raw,0.5587586993443657
101,cycle_three,position_three,raw,0.7495005557691486
101,cycle_three,position_four,raw,0.7757426267185903
101,cycle_four,interior_none,raw,0.6326171438819276
101,cycle_four,interior_four,raw,0.7006933241777717
101,cycle_four,position_none,raw,0.47470326119077183
101,cycle_four,position_three,raw,0.6486909047602645
101,cycle_four,position_four,raw,0.62789719626671
101,interior_none,interior_four,raw,0.9111400012273335
101,interior_none,position_none,raw,0.6697965878216732
101,interior_none,position_three,raw,0.8583339898083321
101,interior_none,position_four,raw,0.8442131671369408
101,interior_four,position_none,raw,0.638760488482129
101,interior_four,position_three,raw,0.9090761634521669
101,interior_four,position_four,raw,0.8959879098384446
101,position_none,position_three,raw,0.6049133124615172
101,position_none,position_four,raw,0.5794605809945862
101,position_three,position_four,raw,0.9617476919374431
101,cycle_none,cycle_three,within_length,0.04752884289941467
101,cycle_none,cycle_four,within_length,0.036367560579325754
101,cycle_none,interior_none,within_length,0.011840607527970387
101,cycle_none,interior_four,within_length,0.014765572746592452
101,cycle_none,position_none,within_length,0.0035526060998638926
101,cycle_none,position_three,within_length,0.2308650662553795
101,cycle_none,position_four,within_length,0.08756245586384266
101,cycle_three,cycle_four,within_length,0.005008088819778093
101,cycle_three,interior_none,within_length,0.018865413243348398
101,cycle_three,interior_four,within_length,0.030359532627714524
101,cycle_three,position_none,within_length,0.00256508854355836
101,cycle_three,position_three,within_length,0.22620825479861884
101,cycle_three,position_four,within_length,0.03549028272484398
101,cycle_four,interior_none,within_length,0.028965213426056336
101,cycle_four,interior_four,within_length,0.0049332039065639105
101,cycle_four,position_none,within_length,0.0014722373076194854
101,cycle_four,position_three,within_length,0.016355440816535175
101,cycle_four,position_four,within_length,0.08106039514612891
101,interior_none,interior_four,within_length,0.056102799086516664
101,interior_none,position_none,within_length,0.010922296418667756
101,interior_none,position_three,within_length,0.008150716260401219
101,interior_none,position_four,within_length,0.03877547556267913
101,interior_four,position_none,within_length,0.019779491912545834
101,interior_four,position_three,within_length,0.03496117584098618
101,interior_four,position_four,within_length,0.036265055935470254
101,position_none,position_three,within_length,0.004090518994867659
101,position_none,position_four,within_length,0.041733162934635776
101,position_three,position_four,within_length,0.09236173076954142
