group,seed_a,seed_b,centering,trained_cka,random_cka
cycle_none,17,42,raw,0.17109950840021876,0.6892563437258232
cycle_none,17,42,within_length,0.11747498156566646,0.4737563330424701
cycle_none,17,101,raw,0.06687639394981122,0.6562800745645099
cycle_none,17,101,within_length,0.17385492023186902,0.3611327622576866
cycle_none,42,101,raw,0.05933586865253187,0.6705151844575331
cycle_none,42,101,within_length,0.045629365170335785,0.43880799931273234
cycle_three,17,42,raw,0.2825639610693167,0.6892563437258232
cycle_three,17,42,within_length,0.3204542668336974,0.4737563330424701
cycle_three,17,101,raw,0.31806214831384005,0.6562800745645099
cycle_three,17,101,within_length,0.10565616955584346,0.3611327622576866
cycle_three,42,101,raw,0.2170846581181676,0.6705151844575331
cycle_three,42,101,within_length,0.06281286759092158,0.43880799931273234
cycle_four,17,42,raw,0.11132435350967784,0.6892563437258232
cycle_four,17,42,within_length,0.11081091512677925,0.4737563330424701
cycle_four,17,101,raw,0.24800144879218497,0.6562800745645099
cycle_four,17,101,within_length,0.06800801593170928,0.3611327622576866
cycle_four,42,101,raw,0.05755764306981478,0.6705151844575331
cycle_four,42,101,within_length,0.005638386675076311,0.43880799931273234
interior_none,17,42,raw,0.7105186028577453,0.6892563437258232
interior_none,17,42,within_length,0.6624929714885927,0.4737563330424701
interior_none,17,101,raw,0.6311500053357372,0.6562800745645099
interior_none,17,101,within_length,0.30856889491292877,0.3611327622576866
interior_none,42,101,raw,0.5544877870886267,0.6705151844575331
interior_none,42,101,within_length,0.32197430456223936,0.43880799931273234
interior_four,17,42,raw,0.9673463484806881,0.6892563437258232
interior_four,17,42,within_length,0.07821923882853823,0.4737563330424701
interior_four,17,101,raw,0.9825449965634057,0.6562800745645099
interior_four,17,101,within_length,0.05908845175563792,0.3611327622576866
interior_four,42,101,raw,0.979959279734907,0.6705151844575331
interior_four,42,101,within_length,0.2550337719851722,0.43880799931273234
position_none,17,42,raw,0.498837889189377,0.6892563437258232
position_none,17,42,within_length,0.005810669383864271,0.4737563330424701
position_none,17,101,raw,0.4248719840431306,0.6562800745645099
position_none,17,101,within_length,0.023603573906694982,0.3611327622576866
position_none,42,101,raw,0.477868619291323,0.6705151844575331
position_none,42,101,within_length,0.008500699587142122,0.43880799931273234
position_three,17,42,raw,0.7528894546610027,0.6892563437258232
position_three,17,42,within_length,0.04977720838268192,0.4737563330424701
position_three,17,101,raw,0.7423742350178382,0.6562800745645099
position_three,17,101,within_length,0.1641740017298027,0.3611327622576866
position_three,42,101,raw,0.9058540183244969,0.6705151844575331
position_three,42,101,within_length,0.26309521305322464,0.43880799931273234
position_four,17,42,raw,0.6259300369113878,0.6892563437258232
position_four,17,42,within_length,0.027062233827813257,0.4737563330424701
position_four,17,101,raw,0.7699293041425801,0.6562800745645099
position_four,17,101,within_length,0.050246707597637295,0.3611327622576866
position_four,42,101,raw,0.7205998177498342,0.6705151844575331
position_four,42,101,within_length,0.0612857577219165,0.43880799931273234
