group,task,validation_accuracy,method
cycle_none,exceedances,0.273015873015873,train-label majority separately within each length
cycle_none,cycle_count,0.2841269841269841,train-label majority separately within each length
cycle_none,three_cycle_count,0.719047619047619,train-label majority separately within each length
cycle_none,odd_cycle_count,0.5666666666666667,train-label majority separately within each length
cycle_three,fixed_points,0.38571428571428573,train-label majority separately within each length
cycle_three,cycle_count,0.2841269841269841,train-label majority separately within each length
cycle_three,nontrivial_cycle_count,0.3761904761904762,train-label majority separately within each length
cycle_three,components,0.8825396825396825,train-label majority separately within each length
cycle_four,fixed_points,0.38571428571428573,train-label majority separately within each length
cycle_four,even_cycle_count,0.3825396825396825,train-label majority separately within each length
cycle_four,odd_cycle_count,0.5666666666666667,train-label majority separately within each length
cycle_four,nontrivial_cycle_count,0.3761904761904762,train-label majority separately within each length
interior_none,peaks,0.3904761904761905,train-label majority separately within each length
interior_none,valleys,0.42698412698412697,train-label majority separately within each length
interior_none,left_to_right_maxima,0.26666666666666666,train-label majority separately within each length
interior_none,right_to_left_maxima,0.2761904761904762,train-label majority separately within each length
interior_four,peaks,0.3904761904761905,train-label majority separately within each length
interior_four,valleys,0.42698412698412697,train-label majority separately within each length
interior_four,double_ascents,0.2492063492063492,train-label majority separately within each length
interior_four,double_descents,0.3,train-label majority separately within each length
position_none,double_ascents,0.2492063492063492,train-label majority separately within each length
position_none,double_descents,0.3,train-label majority separately within each length
position_none,successions,0.36984126984126986,train-label majority separately within each length
position_none,adjacencies,0.2904761904761905,train-label majority separately within each length
position_three,fixed_points,0.38571428571428573,train-label majority separately within each length
position_three,exceedances,0.273015873015873,train-label majority separately within each length
position_three,deficiencies,0.28888888888888886,train-label majority separately within each length
position_three,right_to_left_minima,0.28095238095238095,train-label majority separately within each length
position_four,exceedances,0.273015873015873,train-label majority separately within each length
position_four,deficiencies,0.28888888888888886,train-label majority separately within each length
position_four,cycle_count,0.2841269841269841,train-label majority separately within each length
position_four,nontrivial_cycle_count,0.3761904761904762,train-label majority separately within each length
