group,operator,centering,categorical_code_cka,closure_status,source_training_overlap_count
cycle_none,complement,raw,0.11185099132807405,not a function of source answers alone,0
cycle_none,complement,within_length,0.01495646244278713,not a function of source answers alone,0
cycle_three,complement,raw,0.0148916962007111,not a function of source answers alone,0
cycle_three,complement,within_length,0.014570761067180403,not a function of source answers alone,0
cycle_four,complement,raw,0.07246885639895795,not a function of source answers alone,0
cycle_four,complement,within_length,0.013472840703865339,not a function of source answers alone,0
interior_none,complement,raw,0.49253219412176724,not a function of source answers alone,0
interior_none,complement,within_length,0.3697585446225355,not a function of source answers alone,0
interior_four,complement,raw,0.9999999999999999,proved linear task-vector closure,0
interior_four,complement,within_length,0.9999999999999998,proved linear task-vector closure,0
position_none,complement,raw,0.7134035679371824,proved linear task-vector closure,0
position_none,complement,within_length,0.7029171838373484,proved linear task-vector closure,0
position_three,complement,raw,0.0789050648388075,not a function of source answers alone,0
position_three,complement,within_length,0.02815329125134258,not a function of source answers alone,0
position_four,complement,raw,0.08130881489803163,not a function of source answers alone,0
position_four,complement,within_length,0.02618214059817384,not a function of source answers alone,0
cycle_none,reverse,raw,0.11233609580323156,not a function of source answers alone,0
cycle_none,reverse,within_length,0.01572435275807528,not a function of source answers alone,0
cycle_three,reverse,raw,0.0148916962007111,not a function of source answers alone,0
cycle_three,reverse,within_length,0.014570761067180403,not a function of source answers alone,0
cycle_four,reverse,raw,0.07246885639895795,not a function of source answers alone,0
cycle_four,reverse,within_length,0.013472840703865339,not a function of source answers alone,0
interior_none,reverse,raw,1.0,proved linear task-vector closure,0
interior_none,reverse,within_length,1.0,proved linear task-vector closure,0
interior_four,reverse,raw,0.9999999999999999,proved linear task-vector closure,0
interior_four,reverse,within_length,1.0,proved linear task-vector closure,0
position_none,reverse,raw,0.7134035679371824,proved linear task-vector closure,0
position_none,reverse,within_length,0.7029171838373484,proved linear task-vector closure,0
position_three,reverse,raw,0.07720638753407105,not a function of source answers alone,0
position_three,reverse,within_length,0.026407293328134407,not a function of source answers alone,0
position_four,reverse,raw,0.08130881489803163,not a function of source answers alone,0
position_four,reverse,within_length,0.02618214059817383,not a function of source answers alone,0
cycle_none,reverse_complement,raw,0.8743588200348241,not a function of source answers alone,0
cycle_none,reverse_complement,within_length,0.8779500518980007,not a function of source answers alone,0
cycle_three,reverse_complement,raw,1.0,proved linear task-vector closure,0
cycle_three,reverse_complement,within_length,1.0,proved linear task-vector closure,0
cycle_four,reverse_complement,raw,1.0,proved linear task-vector closure,0
cycle_four,reverse_complement,within_length,1.0,proved linear task-vector closure,0
interior_none,reverse_complement,raw,0.4925321941217673,not a function of source answers alone,0
interior_none,reverse_complement,within_length,0.36975854462253555,not a function of source answers alone,0
interior_four,reverse_complement,raw,0.9999999999999999,proved linear task-vector closure,0
interior_four,reverse_complement,within_length,1.0,proved linear task-vector closure,0
position_none,reverse_complement,raw,1.0,proved linear task-vector closure,0
position_none,reverse_complement,within_length,1.0,proved linear task-vector closure,0
position_three,reverse_complement,raw,0.7119064593919502,not a function of source answers alone,0
position_three,reverse_complement,within_length,0.6893463128785957,not a function of source answers alone,0
position_four,reverse_complement,raw,1.0,proved linear task-vector closure,0
position_four,reverse_complement,within_length,1.0,proved linear task-vector closure,0
cycle_none,inverse,raw,0.8743588200348241,not a function of source answers alone,0
cycle_none,inverse,within_length,0.8779500518980007,not a function of source answers alone,0
cycle_three,inverse,raw,1.0,proved linear task-vector closure,0
cycle_three,inverse,within_length,1.0,proved linear task-vector closure,0
cycle_four,inverse,raw,1.0,proved linear task-vector closure,0
cycle_four,inverse,within_length,1.0,proved linear task-vector closure,0
interior_none,inverse,raw,0.3631500673280833,not a function of source answers alone,0
interior_none,inverse,within_length,0.3385783087001135,not a function of source answers alone,0
interior_four,inverse,raw,0.16613483434674406,not a function of source answers alone,0
interior_four,inverse,within_length,0.03019974584374056,not a function of source answers alone,0
position_none,inverse,raw,0.6362759804879538,not a function of source answers alone,0
position_none,inverse,within_length,0.6447718989335887,not a function of source answers alone,0
position_three,inverse,raw,0.7119064593919502,not a function of source answers alone,0
position_three,inverse,within_length,0.6893463128785957,not a function of source answers alone,0
position_four,inverse,raw,1.0,proved linear task-vector closure,0
position_four,inverse,within_length,1.0,proved linear task-vector closure,0
