target_composition_size,budget,mode,cells,source_gates_passed,accuracy,random_accuracy,gain
2,25,linear,54,54,0.21629630581096368,0.2454814941242889,-0.029185188313325245
2,25,mlp,54,54,0.2217777865352454,0.24888890071047676,-0.02711111417523137
2,25,categorical_subset,54,54,0.7253333333333335,,
2,25,full_tuple_lookup,54,54,0.19999999999999993,,
2,50,linear,54,54,0.21377778715557522,0.24577778770967765,-0.03200000055410244
2,50,mlp,54,54,0.23540741646731342,0.27748149578218106,-0.04207407931486765
2,50,categorical_subset,54,54,0.9079999999999999,,
2,50,full_tuple_lookup,54,54,0.19999999999999993,,
3,25,linear,126,126,0.20577778513469394,0.21777778911212134,-0.012000003977427407
3,25,mlp,126,126,0.209460326130428,0.22019048650113363,-0.01073016037070562
3,25,categorical_subset,126,126,0.3194285714285714,,
3,25,full_tuple_lookup,126,126,0.19999999999999998,,
3,50,linear,126,126,0.20412699204115642,0.21638096123933792,-0.012253969198181516
3,50,mlp,126,126,0.20615873840593157,0.232126994028924,-0.02596825562299244
3,50,categorical_subset,126,126,0.4270476190476192,,
3,50,full_tuple_lookup,126,126,0.19999999999999998,,
4,25,linear,36,36,0.1886666731701957,0.1915555646022161,-0.0028888914320203993
4,25,mlp,36,36,0.18066667351457807,0.19066667639546925,-0.010000002880891165
4,25,categorical_subset,36,36,0.18533333333333335,,
4,25,full_tuple_lookup,36,36,0.20000000000000004,,
4,50,linear,36,36,0.17866667567027938,0.18933334284358555,-0.010666667173306147
4,50,mlp,36,36,0.16688889699677625,0.20533334091305733,-0.03844444391628107
4,50,categorical_subset,36,36,0.20000000000000004,,
4,50,full_tuple_lookup,36,36,0.20000000000000004,,
