mode,budget,variant,original_r2,corrected_r2,corrected_delta_r2,original_delta_r2,corrected_mae
linear_task_free,64,plus_mathematical_relations,-0.7540254316424964,-0.9557089860869594,-0.8952177397911867,-0.6935341853467236,0.03626499031820268
linear_task_free,64,plus_both,-0.4876603025985484,-0.6438090550215088,-0.583317808725736,-0.4271690563027757,0.03408377876957269
linear_task_free,256,plus_mathematical_relations,-1.8235896413757366,-2.126105403916862,-0.8676865317612994,-0.565170769220174,0.03791231684082356
linear_task_free,256,plus_both,-1.1252862918450552,-1.2972052736616404,-0.038786401506077706,0.13313258031050745,0.031811969286464924
linear_query,64,plus_mathematical_relations,0.25282521802876734,0.2131876035664152,-0.12033951518834651,-0.08070190072599437,0.022342878713604974
linear_query,64,plus_both,0.4298546876321695,0.39454198051684397,0.06101486176208226,0.09632756887740779,0.019474935957356634
linear_query,256,plus_mathematical_relations,0.07009884218296736,0.034328019561051804,-0.0036656706648606763,0.03210515195705488,0.0214771362701399
linear_query,256,plus_both,0.1613333693475043,0.15506173401898726,0.11706804379307478,0.12333967912159183,0.01971420545661484
mlp_task_free,64,plus_mathematical_relations,-2.3686465849281704,-2.7728184949691017,-2.2472583999107334,-1.843086489869802,0.04575084178969777
mlp_task_free,64,plus_both,-1.4030042265597085,-1.7091791523177111,-1.1836190572593428,-0.8774441315013402,0.0393188931122992
mlp_task_free,256,plus_mathematical_relations,-0.6739455805326766,-0.8966450793881395,-0.5504731124525553,-0.32777361359709234,0.030746103377361042
mlp_task_free,256,plus_both,-0.3426302954527032,-0.4337151244636672,-0.08754315752808295,0.0035416714828810925,0.026653753162432185
finetune,64,plus_mathematical_relations,-0.4997247113480725,-0.21180584060803254,-0.2803666755004609,-0.5682855462405009,0.031636219027723005
finetune,64,plus_both,-0.5646089980038584,-0.28136840057401713,-0.3499292354664455,-0.6331698328962868,0.03311293203246776
finetune,256,plus_mathematical_relations,-0.953822666812798,-0.6852412911181218,-0.07135802987475226,-0.3399394055694285,0.036560717122072345
finetune,256,plus_both,-1.255502926330193,-0.7797355764751408,-0.16585231523177124,-0.6416196650868233,0.037761385128781154
finetune_shared,64,plus_mathematical_relations,-0.801382818790696,-0.3749514732609902,-0.4707357748741253,-0.8971671204038311,0.0394658096439571
finetune_shared,64,plus_both,-0.7171412754933764,-0.35088118896912546,-0.44666549058226057,-0.8129255771065115,0.03965367461552247
finetune_shared,256,plus_mathematical_relations,0.2735967232868668,0.36427120744103625,0.6536673938990459,0.5629929097448765,0.02193125248599666
finetune_shared,256,plus_both,0.24996269036187635,0.33617901532702765,0.6255752017850373,0.539358876819886,0.022305206736724464
