mode,budget,variant,r2,mae,rows,independent_group_folds,delta_r2
linear_task_free,64,baseline,-0.06049124629577274,0.026399743583770775,96,8,0.0
linear_task_free,64,plus_mathematical_relations,-0.7540254316424964,0.03430651512166721,96,8,-0.6935341853467236
linear_task_free,64,plus_measured_geometry,-0.35703652043979983,0.030241655738171915,96,8,-0.2965452741440271
linear_task_free,64,plus_both,-0.4876603025985484,0.032378154736560694,96,8,-0.4271690563027757
linear_task_free,256,baseline,-1.2584188721555627,0.030444407168360138,96,8,0.0
linear_task_free,256,plus_mathematical_relations,-1.8235896413757366,0.03507065004519381,96,8,-0.565170769220174
linear_task_free,256,plus_measured_geometry,-2.3165637939981485,0.03800153947526152,96,8,-1.0581449218425858
linear_task_free,256,plus_both,-1.1252862918450552,0.030363097829065766,96,8,0.13313258031050745
linear_query,64,baseline,0.3335271187547617,0.020836128524715957,96,8,0.0
linear_query,64,plus_mathematical_relations,0.25282521802876734,0.021576776763342412,96,8,-0.08070190072599437
linear_query,64,plus_measured_geometry,0.298468084652332,0.02106330169233474,96,8,-0.03505903410242972
linear_query,64,plus_both,0.4298546876321695,0.018806489098985697,96,8,0.09632756887740779
linear_query,256,baseline,0.03799369022591248,0.021323374367814386,96,8,0.0
linear_query,256,plus_mathematical_relations,0.07009884218296736,0.020994106265384293,96,8,0.03210515195705488
linear_query,256,plus_measured_geometry,0.010099608312718278,0.021715329925882265,96,8,-0.027894081913194202
linear_query,256,plus_both,0.1613333693475043,0.01965801876359718,96,8,0.12333967912159183
mlp_task_free,64,baseline,-0.5255600950583683,0.029001331201518755,96,8,0.0
mlp_task_free,64,plus_mathematical_relations,-2.3686465849281704,0.04313203768407594,96,8,-1.843086489869802
mlp_task_free,64,plus_measured_geometry,-0.8898186197295763,0.03258936264181262,96,8,-0.364258524671208
mlp_task_free,64,plus_both,-1.4030042265597085,0.0366346785148091,96,8,-0.8774441315013402
mlp_task_free,256,baseline,-0.3461719669355843,0.024697020017569394,96,8,0.0
mlp_task_free,256,plus_mathematical_relations,-0.6739455805326766,0.028747617374383194,96,8,-0.32777361359709234
mlp_task_free,256,plus_measured_geometry,-0.8651452340440027,0.029206527453525755,96,8,-0.5189732671084184
mlp_task_free,256,plus_both,-0.3426302954527032,0.025745299244266603,96,8,0.0035416714828810925
finetune,64,baseline,0.06856083489242837,0.02872619705936978,96,8,0.0
finetune,64,plus_mathematical_relations,-0.4997247113480725,0.03591958094237081,96,8,-0.5682855462405009
finetune,64,plus_measured_geometry,-0.20164301042132693,0.03253192063712252,96,8,-0.2702038453137553
finetune,64,plus_both,-0.5646089980038584,0.03722958297927792,96,8,-0.6331698328962868
finetune,256,baseline,-0.6138832612433696,0.03348342011081142,96,8,0.0
finetune,256,plus_mathematical_relations,-0.953822666812798,0.03912000887556057,96,8,-0.3399394055694285
finetune,256,plus_measured_geometry,-0.7565701526331532,0.035222800427433414,96,8,-0.14268689138978363
finetune,256,plus_both,-1.255502926330193,0.042627920831249576,96,8,-0.6416196650868233
finetune_shared,64,baseline,0.09578430161313511,0.03202669712201225,96,8,0.0
finetune_shared,64,plus_mathematical_relations,-0.801382818790696,0.045815573223608595,96,8,-0.8971671204038311
finetune_shared,64,plus_measured_geometry,-0.25712434404084705,0.03937186478460419,96,8,-0.35290864565398217
finetune_shared,64,plus_both,-0.7171412754933764,0.04534372857680433,96,8,-0.8129255771065115
finetune_shared,256,baseline,-0.2893961864580097,0.03487309338932026,96,8,0.0
finetune_shared,256,plus_mathematical_relations,0.2735967232868668,0.023553083837464045,96,8,0.5629929097448765
finetune_shared,256,plus_measured_geometry,0.11031890296074609,0.027625452582951415,96,8,0.3997150894187558
finetune_shared,256,plus_both,0.24996269036187635,0.02416082908766749,96,8,0.539358876819886
