group,seed,status,landmark,centering,numeric_contrast_rank,numeric_contrast_variance_fraction
cycle_none,17,initial,ONE_END,raw,30,0.1109681403145617
cycle_none,17,initial,ONE_END,within_length,30,0.11669546466449116
cycle_none,17,initial,source_query_concat,raw,30,0.10995114401267511
cycle_none,17,initial,source_query_concat,within_length,30,0.11836937977351819
cycle_none,17,trained,ONE_END,raw,30,0.8645635581261127
cycle_none,17,trained,ONE_END,within_length,30,0.89253562912011
cycle_none,17,trained,source_query_concat,raw,30,0.929652859449178
cycle_none,17,trained,source_query_concat,within_length,30,0.9188910848288174
cycle_none,42,initial,ONE_END,raw,30,0.11835092774909294
cycle_none,42,initial,ONE_END,within_length,30,0.12550926662216969
cycle_none,42,initial,source_query_concat,raw,30,0.12085723835579168
cycle_none,42,initial,source_query_concat,within_length,30,0.1227053559436879
cycle_none,42,trained,ONE_END,raw,30,0.7760485733856443
cycle_none,42,trained,ONE_END,within_length,30,0.8085037768742039
cycle_none,42,trained,source_query_concat,raw,30,0.9310134175238419
cycle_none,42,trained,source_query_concat,within_length,30,0.9196336760606114
cycle_none,101,initial,ONE_END,raw,30,0.11441422089955554
cycle_none,101,initial,ONE_END,within_length,30,0.11436180048118866
cycle_none,101,initial,source_query_concat,raw,30,0.1145744183336858
cycle_none,101,initial,source_query_concat,within_length,30,0.11445888040063716
cycle_none,101,trained,ONE_END,raw,30,0.795603650790575
cycle_none,101,trained,ONE_END,within_length,30,0.8245557865819333
cycle_none,101,trained,source_query_concat,raw,30,0.932764942141236
cycle_none,101,trained,source_query_concat,within_length,30,0.9236133008378263
cycle_three,17,initial,ONE_END,raw,30,0.1109681403145617
cycle_three,17,initial,ONE_END,within_length,30,0.11669546466449116
cycle_three,17,initial,source_query_concat,raw,30,0.1098283186695789
cycle_three,17,initial,source_query_concat,within_length,30,0.11844806083187377
cycle_three,17,trained,ONE_END,raw,30,0.5123886145406981
cycle_three,17,trained,ONE_END,within_length,30,0.5217762262194034
cycle_three,17,trained,source_query_concat,raw,30,0.8627141176043152
cycle_three,17,trained,source_query_concat,within_length,30,0.8869900461721721
cycle_three,42,initial,ONE_END,raw,30,0.11835092774909294
cycle_three,42,initial,ONE_END,within_length,30,0.12550926662216969
cycle_three,42,initial,source_query_concat,raw,30,0.12101850498475789
cycle_three,42,initial,source_query_concat,within_length,30,0.12282365306709982
cycle_three,42,trained,ONE_END,raw,30,0.6066459010487829
cycle_three,42,trained,ONE_END,within_length,30,0.657286623237207
cycle_three,42,trained,source_query_concat,raw,30,0.8328999903047423
cycle_three,42,trained,source_query_concat,within_length,30,0.8491739954222565
cycle_three,101,initial,ONE_END,raw,30,0.11441422089955554
cycle_three,101,initial,ONE_END,within_length,30,0.11436180048118866
cycle_three,101,initial,source_query_concat,raw,30,0.11484592813632767
cycle_three,101,initial,source_query_concat,within_length,30,0.11449252393450506
cycle_three,101,trained,ONE_END,raw,30,0.7033432033261554
cycle_three,101,trained,ONE_END,within_length,30,0.7156840301279991
cycle_three,101,trained,source_query_concat,raw,30,0.8740993167570145
cycle_three,101,trained,source_query_concat,within_length,30,0.8885547260434385
cycle_four,17,initial,ONE_END,raw,30,0.1109681403145617
cycle_four,17,initial,ONE_END,within_length,30,0.11669546466449116
cycle_four,17,initial,source_query_concat,raw,30,0.10970415718499833
cycle_four,17,initial,source_query_concat,within_length,30,0.11836209765457174
cycle_four,17,trained,ONE_END,raw,30,0.8275170688195467
cycle_four,17,trained,ONE_END,within_length,30,0.8539379927560509
cycle_four,17,trained,source_query_concat,raw,30,0.9264264836298132
cycle_four,17,trained,source_query_concat,within_length,30,0.9101658041898893
cycle_four,42,initial,ONE_END,raw,30,0.11835092774909294
cycle_four,42,initial,ONE_END,within_length,30,0.12550926662216969
cycle_four,42,initial,source_query_concat,raw,30,0.12063739274028237
cycle_four,42,initial,source_query_concat,within_length,30,0.12271231306004265
cycle_four,42,trained,ONE_END,raw,30,0.9133771295593377
cycle_four,42,trained,ONE_END,within_length,30,0.9232798300001824
cycle_four,42,trained,source_query_concat,raw,30,0.9358795182233178
cycle_four,42,trained,source_query_concat,within_length,30,0.9181807499820248
cycle_four,101,initial,ONE_END,raw,30,0.11441422089955554
cycle_four,101,initial,ONE_END,within_length,30,0.11436180048118866
cycle_four,101,initial,source_query_concat,raw,30,0.11459599239789811
cycle_four,101,initial,source_query_concat,within_length,30,0.11454231942282793
cycle_four,101,trained,ONE_END,raw,30,0.7550457837066691
cycle_four,101,trained,ONE_END,within_length,30,0.6718740863356394
cycle_four,101,trained,source_query_concat,raw,30,0.9266675583549014
cycle_four,101,trained,source_query_concat,within_length,30,0.9014793249887226
interior_none,17,initial,ONE_END,raw,30,0.1109681403145617
interior_none,17,initial,ONE_END,within_length,30,0.11669546466449116
interior_none,17,initial,source_query_concat,raw,30,0.10988621004403505
interior_none,17,initial,source_query_concat,within_length,30,0.11828303401857759
interior_none,17,trained,ONE_END,raw,30,0.6077916384003288
interior_none,17,trained,ONE_END,within_length,30,0.557298507664635
interior_none,17,trained,source_query_concat,raw,30,0.8470822317128526
interior_none,17,trained,source_query_concat,within_length,30,0.8547086639630765
interior_none,42,initial,ONE_END,raw,30,0.11835092774909294
interior_none,42,initial,ONE_END,within_length,30,0.12550926662216969
interior_none,42,initial,source_query_concat,raw,30,0.12069470514263643
interior_none,42,initial,source_query_concat,within_length,30,0.12263126651556328
interior_none,42,trained,ONE_END,raw,30,0.8191809574064696
interior_none,42,trained,ONE_END,within_length,30,0.8576806621763421
interior_none,42,trained,source_query_concat,raw,30,0.8594434168097886
interior_none,42,trained,source_query_concat,within_length,30,0.8962281478345998
interior_none,101,initial,ONE_END,raw,30,0.11441422089955554
interior_none,101,initial,ONE_END,within_length,30,0.11436180048118866
interior_none,101,initial,source_query_concat,raw,30,0.1147893643208905
interior_none,101,initial,source_query_concat,within_length,30,0.11437411383178449
interior_none,101,trained,ONE_END,raw,30,0.7694512070099083
interior_none,101,trained,ONE_END,within_length,30,0.796567143257813
interior_none,101,trained,source_query_concat,raw,30,0.9101056121967444
interior_none,101,trained,source_query_concat,within_length,30,0.9134514049737423
interior_four,17,initial,ONE_END,raw,30,0.1109681403145617
interior_four,17,initial,ONE_END,within_length,30,0.11669546466449116
interior_four,17,initial,source_query_concat,raw,30,0.1098334677100043
interior_four,17,initial,source_query_concat,within_length,30,0.1183133845037037
interior_four,17,trained,ONE_END,raw,30,0.8934513121295325
interior_four,17,trained,ONE_END,within_length,30,0.8524324687672732
interior_four,17,trained,source_query_concat,raw,30,0.8816553295215139
interior_four,17,trained,source_query_concat,within_length,30,0.8658391617168081
interior_four,42,initial,ONE_END,raw,30,0.11835092774909294
interior_four,42,initial,ONE_END,within_length,30,0.12550926662216969
interior_four,42,initial,source_query_concat,raw,30,0.12074667742683216
interior_four,42,initial,source_query_concat,within_length,30,0.12257387539393708
interior_four,42,trained,ONE_END,raw,30,0.8957714112783047
interior_four,42,trained,ONE_END,within_length,30,0.8251819308785987
interior_four,42,trained,source_query_concat,raw,30,0.8942168438121891
interior_four,42,trained,source_query_concat,within_length,30,0.8471734028722014
interior_four,101,initial,ONE_END,raw,30,0.11441422089955554
interior_four,101,initial,ONE_END,within_length,30,0.11436180048118866
interior_four,101,initial,source_query_concat,raw,30,0.11448591050750656
interior_four,101,initial,source_query_concat,within_length,30,0.11436596586732711
interior_four,101,trained,ONE_END,raw,30,0.7638538878152589
interior_four,101,trained,ONE_END,within_length,30,0.7498396539311035
interior_four,101,trained,source_query_concat,raw,30,0.8772980916164176
interior_four,101,trained,source_query_concat,within_length,30,0.8634352549779302
position_none,17,initial,ONE_END,raw,30,0.1109681403145617
position_none,17,initial,ONE_END,within_length,30,0.11669546466449116
position_none,17,initial,source_query_concat,raw,30,0.10991915758036333
position_none,17,initial,source_query_concat,within_length,30,0.1183369626765927
position_none,17,trained,ONE_END,raw,30,0.6446047090200012
position_none,17,trained,ONE_END,within_length,30,0.6366961805806083
position_none,17,trained,source_query_concat,raw,30,0.7218596745619378
position_none,17,trained,source_query_concat,within_length,30,0.6910209982691157
position_none,42,initial,ONE_END,raw,30,0.11835092774909294
position_none,42,initial,ONE_END,within_length,30,0.12550926662216969
position_none,42,initial,source_query_concat,raw,30,0.12044748199200958
position_none,42,initial,source_query_concat,within_length,30,0.12256793759291777
position_none,42,trained,ONE_END,raw,30,0.6860928108894061
position_none,42,trained,ONE_END,within_length,30,0.6323960531918588
position_none,42,trained,source_query_concat,raw,30,0.7016041438335004
position_none,42,trained,source_query_concat,within_length,30,0.6655262974634361
position_none,101,initial,ONE_END,raw,30,0.11441422089955554
position_none,101,initial,ONE_END,within_length,30,0.11436180048118866
position_none,101,initial,source_query_concat,raw,30,0.11474353915258254
position_none,101,initial,source_query_concat,within_length,30,0.11441995897454421
position_none,101,trained,ONE_END,raw,30,0.7527127632461045
position_none,101,trained,ONE_END,within_length,30,0.698947204165671
position_none,101,trained,source_query_concat,raw,30,0.7471961175567714
position_none,101,trained,source_query_concat,within_length,30,0.7047009687209483
position_three,17,initial,ONE_END,raw,30,0.1109681403145617
position_three,17,initial,ONE_END,within_length,30,0.11669546466449116
position_three,17,initial,source_query_concat,raw,30,0.10983228207091306
position_three,17,initial,source_query_concat,within_length,30,0.11839822420695614
position_three,17,trained,ONE_END,raw,30,0.5263632139887192
position_three,17,trained,ONE_END,within_length,30,0.5752059069745133
position_three,17,trained,source_query_concat,raw,30,0.9077991149294905
position_three,17,trained,source_query_concat,within_length,30,0.9172789855097566
position_three,42,initial,ONE_END,raw,30,0.11835092774909294
position_three,42,initial,ONE_END,within_length,30,0.12550926662216969
position_three,42,initial,source_query_concat,raw,30,0.12075418493092116
position_three,42,initial,source_query_concat,within_length,30,0.12268642778201706
position_three,42,trained,ONE_END,raw,30,0.8308741717137751
position_three,42,trained,ONE_END,within_length,30,0.8655648098470692
position_three,42,trained,source_query_concat,raw,30,0.9011660175408105
position_three,42,trained,source_query_concat,within_length,30,0.9124959391110663
position_three,101,initial,ONE_END,raw,30,0.11441422089955554
position_three,101,initial,ONE_END,within_length,30,0.11436180048118866
position_three,101,initial,source_query_concat,raw,30,0.11453275307265638
position_three,101,initial,source_query_concat,within_length,30,0.11439405386103453
position_three,101,trained,ONE_END,raw,30,0.7488189451274034
position_three,101,trained,ONE_END,within_length,30,0.8152962101004343
position_three,101,trained,source_query_concat,raw,30,0.9040984726227009
position_three,101,trained,source_query_concat,within_length,30,0.9126538455490588
position_four,17,initial,ONE_END,raw,30,0.1109681403145617
position_four,17,initial,ONE_END,within_length,30,0.11669546466449116
position_four,17,initial,source_query_concat,raw,30,0.1099286921117426
position_four,17,initial,source_query_concat,within_length,30,0.11838842684952745
position_four,17,trained,ONE_END,raw,30,0.9047984536886235
position_four,17,trained,ONE_END,within_length,30,0.9167761955839245
position_four,17,trained,source_query_concat,raw,30,0.927134139375877
position_four,17,trained,source_query_concat,within_length,30,0.9396498589258433
position_four,42,initial,ONE_END,raw,30,0.11835092774909294
position_four,42,initial,ONE_END,within_length,30,0.12550926662216969
position_four,42,initial,source_query_concat,raw,30,0.12070684601035175
position_four,42,initial,source_query_concat,within_length,30,0.12271046284237985
position_four,42,trained,ONE_END,raw,30,0.8367984237778564
position_four,42,trained,ONE_END,within_length,30,0.8338110146425844
position_four,42,trained,source_query_concat,raw,30,0.9340980718502188
position_four,42,trained,source_query_concat,within_length,30,0.9447260204441035
position_four,101,initial,ONE_END,raw,30,0.11441422089955554
position_four,101,initial,ONE_END,within_length,30,0.11436180048118866
position_four,101,initial,source_query_concat,raw,30,0.11477810274220455
position_four,101,initial,source_query_concat,within_length,30,0.11447615000297995
position_four,101,trained,ONE_END,raw,30,0.8744245974405085
position_four,101,trained,ONE_END,within_length,30,0.8998524732246638
position_four,101,trained,source_query_concat,raw,30,0.9330631751579098
position_four,101,trained,source_query_concat,within_length,30,0.9461822893926891
