source,group,seed,status,pipeline,pairing,kind,words,full_null_pair_target_nmse,shared_pca64_pair_target_nmse
novel_minima_pair_s17203,novel_minima_pair,17203,trained,hidden_fixed_random,correct,identity,['identity'],0.051847379046703564,0.013702158525101074
novel_minima_pair_s17203,novel_minima_pair,17203,trained,hidden_fixed_random,correct,generators,"['c', 'r', 'i']",0.9674617280833209,0.8042130561326984
novel_minima_pair_s17203,novel_minima_pair,17203,trained,hidden_fixed_random,correct,composites,"['rc', 'ci', 'ri', 'rci']",1.0818529155602417,0.9525333876245847
novel_minima_pair_s17203,novel_minima_pair,17203,trained,hidden_fixed_random,shuffled,generators,"['c', 'r', 'i']",1.154449427046932,1.0257976568702218
novel_minima_pair_s17203,novel_minima_pair,17203,trained,hidden_fixed_random,shuffled,composites,"['rc', 'ci', 'ri', 'rci']",1.1224526659743153,1.0006346709533689
novel_minima_pair_s17203,novel_minima_pair,17203,trained,hidden_fit_pca,correct,identity,['identity'],0.01679555992519655,1.3763161240596464e-12
novel_minima_pair_s17203,novel_minima_pair,17203,trained,hidden_fit_pca,correct,generators,"['c', 'r', 'i']",0.9806457350842028,0.8001133924798542
novel_minima_pair_s17203,novel_minima_pair,17203,trained,hidden_fit_pca,correct,composites,"['rc', 'ci', 'ri', 'rci']",1.0958652353386311,0.9512265793550192
novel_minima_pair_s17203,novel_minima_pair,17203,trained,hidden_fit_pca,shuffled,generators,"['c', 'r', 'i']",1.1701985657753184,1.0246907886818377
novel_minima_pair_s17203,novel_minima_pair,17203,trained,hidden_fit_pca,shuffled,composites,"['rc', 'ci', 'ri', 'rci']",1.1373867612679682,1.0004192570447938
novel_minima_pair_s17203,novel_minima_pair,17203,trained,output_identity,correct,identity,['identity'],0.3611321716142033,0.2197146681547671
novel_minima_pair_s17203,novel_minima_pair,17203,trained,output_identity,correct,generators,"['c', 'r', 'i']",1.0119777187482533,0.8566253834874271
novel_minima_pair_s17203,novel_minima_pair,17203,trained,output_identity,correct,composites,"['rc', 'ci', 'ri', 'rci']",1.1096811905585326,0.9779174633855537
novel_minima_pair_s17203,novel_minima_pair,17203,trained,output_identity,shuffled,generators,"['c', 'r', 'i']",1.1640717347605964,1.0369998092128154
novel_minima_pair_s17203,novel_minima_pair,17203,trained,output_identity,shuffled,composites,"['rc', 'ci', 'ri', 'rci']",1.1360468918706221,1.0090691978695552
novel_minima_pair_s17203_random,novel_minima_pair,17203,random,hidden_fixed_random,correct,identity,['identity'],0.00012692974694384552,2.975935251138143e-05
novel_minima_pair_s17203_random,novel_minima_pair,17203,random,hidden_fixed_random,correct,generators,"['c', 'r', 'i']",0.7773991972068476,0.7401101796675813
novel_minima_pair_s17203_random,novel_minima_pair,17203,random,hidden_fixed_random,correct,composites,"['rc', 'ci', 'ri', 'rci']",1.0163733816729028,0.9914746628220521
novel_minima_pair_s17203_random,novel_minima_pair,17203,random,hidden_fixed_random,shuffled,generators,"['c', 'r', 'i']",1.0554413892528716,1.025436811508208
novel_minima_pair_s17203_random,novel_minima_pair,17203,random,hidden_fixed_random,shuffled,composites,"['rc', 'ci', 'ri', 'rci']",1.0251324476211028,1.0004631236794619
novel_minima_pair_s17203_random,novel_minima_pair,17203,random,hidden_fit_pca,correct,identity,['identity'],1.5795223975509435e-05,1.3553609181379698e-09
novel_minima_pair_s17203_random,novel_minima_pair,17203,random,hidden_fit_pca,correct,generators,"['c', 'r', 'i']",0.7775782945412133,0.7400984202355765
novel_minima_pair_s17203_random,novel_minima_pair,17203,random,hidden_fit_pca,correct,composites,"['rc', 'ci', 'ri', 'rci']",1.0165239271064217,0.991467089525513
novel_minima_pair_s17203_random,novel_minima_pair,17203,random,hidden_fit_pca,shuffled,generators,"['c', 'r', 'i']",1.0556717839898908,1.0254779810040076
novel_minima_pair_s17203_random,novel_minima_pair,17203,random,hidden_fit_pca,shuffled,composites,"['rc', 'ci', 'ri', 'rci']",1.025282734399485,1.0004553783085544
novel_minima_pair_s17203_random,novel_minima_pair,17203,random,output_identity,correct,identity,['identity'],0.09465789822111668,0.07746355392627761
novel_minima_pair_s17203_random,novel_minima_pair,17203,random,output_identity,correct,generators,"['c', 'r', 'i']",0.781489191013995,0.7708271282987784
novel_minima_pair_s17203_random,novel_minima_pair,17203,random,output_identity,correct,composites,"['rc', 'ci', 'ri', 'rci']",0.9903478892113754,0.9865380700998173
novel_minima_pair_s17203_random,novel_minima_pair,17203,random,output_identity,shuffled,generators,"['c', 'r', 'i']",1.0284568348523055,1.0237200424204493
novel_minima_pair_s17203_random,novel_minima_pair,17203,random,output_identity,shuffled,composites,"['rc', 'ci', 'ri', 'rci']",1.0043554657924774,1.0008888789065395
novel_minima_pair_s18211,novel_minima_pair,18211,trained,hidden_fixed_random,correct,identity,['identity'],0.05163949132356611,0.013889612794251611
novel_minima_pair_s18211,novel_minima_pair,18211,trained,hidden_fixed_random,correct,generators,"['c', 'r', 'i']",0.9531079824714596,0.7904094937082831
novel_minima_pair_s18211,novel_minima_pair,18211,trained,hidden_fixed_random,correct,composites,"['rc', 'ci', 'ri', 'rci']",1.0792449134976183,0.9560197987650888
novel_minima_pair_s18211,novel_minima_pair,18211,trained,hidden_fixed_random,shuffled,generators,"['c', 'r', 'i']",1.1556295370390908,1.029054824883791
novel_minima_pair_s18211,novel_minima_pair,18211,trained,hidden_fixed_random,shuffled,composites,"['rc', 'ci', 'ri', 'rci']",1.1165951524621751,1.0000201223610343
novel_minima_pair_s18211,novel_minima_pair,18211,trained,hidden_fit_pca,correct,identity,['identity'],0.016581268194863767,1.2362759992636442e-08
novel_minima_pair_s18211,novel_minima_pair,18211,trained,hidden_fit_pca,correct,generators,"['c', 'r', 'i']",0.9652314193655138,0.7842668288678579
novel_minima_pair_s18211,novel_minima_pair,18211,trained,hidden_fit_pca,correct,composites,"['rc', 'ci', 'ri', 'rci']",1.0925189963760868,0.953809395607093
novel_minima_pair_s18211,novel_minima_pair,18211,trained,hidden_fit_pca,shuffled,generators,"['c', 'r', 'i']",1.1727737695962133,1.0288147535127012
novel_minima_pair_s18211,novel_minima_pair,18211,trained,hidden_fit_pca,shuffled,composites,"['rc', 'ci', 'ri', 'rci']",1.1314743472488207,0.9997097899416512
novel_minima_pair_s18211,novel_minima_pair,18211,trained,output_identity,correct,identity,['identity'],0.2924497479593885,0.20075686468342466
novel_minima_pair_s18211,novel_minima_pair,18211,trained,output_identity,correct,generators,"['c', 'r', 'i']",0.8727251237069915,0.837105370849664
novel_minima_pair_s18211,novel_minima_pair,18211,trained,output_identity,correct,composites,"['rc', 'ci', 'ri', 'rci']",0.9858922426322314,0.972600871415316
novel_minima_pair_s18211,novel_minima_pair,18211,trained,output_identity,shuffled,generators,"['c', 'r', 'i']",1.030959857382931,1.0235523581276569
novel_minima_pair_s18211,novel_minima_pair,18211,trained,output_identity,shuffled,composites,"['rc', 'ci', 'ri', 'rci']",1.0113778277081347,1.0027019331564175
novel_minima_pair_s18211_random,novel_minima_pair,18211,random,hidden_fixed_random,correct,identity,['identity'],7.471182384214633e-05,1.8496484854434292e-05
novel_minima_pair_s18211_random,novel_minima_pair,18211,random,hidden_fixed_random,correct,generators,"['c', 'r', 'i']",0.766851494404322,0.735650040439814
novel_minima_pair_s18211_random,novel_minima_pair,18211,random,hidden_fixed_random,correct,composites,"['rc', 'ci', 'ri', 'rci']",1.009679902530219,0.9888850103476483
novel_minima_pair_s18211_random,novel_minima_pair,18211,random,hidden_fixed_random,shuffled,generators,"['c', 'r', 'i']",1.0465618785681494,1.0214209055499954
novel_minima_pair_s18211_random,novel_minima_pair,18211,random,hidden_fixed_random,shuffled,composites,"['rc', 'ci', 'ri', 'rci']",1.021254493899806,1.0007105595206902
novel_minima_pair_s18211_random,novel_minima_pair,18211,random,hidden_fit_pca,correct,identity,['identity'],9.305664256443997e-06,9.962656269133876e-10
novel_minima_pair_s18211_random,novel_minima_pair,18211,random,hidden_fit_pca,correct,generators,"['c', 'r', 'i']",0.7669153580212742,0.7355902011028136
novel_minima_pair_s18211_random,novel_minima_pair,18211,random,hidden_fit_pca,correct,composites,"['rc', 'ci', 'ri', 'rci']",1.0097726775774056,0.9888768808167543
novel_minima_pair_s18211_random,novel_minima_pair,18211,random,hidden_fit_pca,shuffled,generators,"['c', 'r', 'i']",1.0466723022846274,1.021408179953125
novel_minima_pair_s18211_random,novel_minima_pair,18211,random,hidden_fit_pca,shuffled,composites,"['rc', 'ci', 'ri', 'rci']",1.0213538117218457,1.0007089205462618
novel_minima_pair_s18211_random,novel_minima_pair,18211,random,output_identity,correct,identity,['identity'],0.0862374033901739,0.07155883353863134
novel_minima_pair_s18211_random,novel_minima_pair,18211,random,output_identity,correct,generators,"['c', 'r', 'i']",0.7770191175354783,0.7685147777642765
novel_minima_pair_s18211_random,novel_minima_pair,18211,random,output_identity,correct,composites,"['rc', 'ci', 'ri', 'rci']",0.9909046544034399,0.9880993500221915
novel_minima_pair_s18211_random,novel_minima_pair,18211,random,output_identity,shuffled,generators,"['c', 'r', 'i']",1.0206355529219893,1.0169264930016548
novel_minima_pair_s18211_random,novel_minima_pair,18211,random,output_identity,shuffled,composites,"['rc', 'ci', 'ri', 'rci']",1.0040405236197056,1.0015384928070241
novel_minima_pair_s19213,novel_minima_pair,19213,trained,hidden_fixed_random,correct,identity,['identity'],0.06003283882294803,0.01605737576647282
novel_minima_pair_s19213,novel_minima_pair,19213,trained,hidden_fixed_random,correct,generators,"['c', 'r', 'i']",0.9372763066325112,0.7636132759826021
novel_minima_pair_s19213,novel_minima_pair,19213,trained,hidden_fixed_random,correct,composites,"['rc', 'ci', 'ri', 'rci']",1.065738375378261,0.9294620555026432
novel_minima_pair_s19213,novel_minima_pair,19213,trained,hidden_fixed_random,shuffled,generators,"['c', 'r', 'i']",1.158786145095508,1.028456447161965
novel_minima_pair_s19213,novel_minima_pair,19213,trained,hidden_fixed_random,shuffled,composites,"['rc', 'ci', 'ri', 'rci']",1.1257439333912296,1.0012096324996658
novel_minima_pair_s19213,novel_minima_pair,19213,trained,hidden_fit_pca,correct,identity,['identity'],0.020239091673552038,1.2197630156228882e-08
novel_minima_pair_s19213,novel_minima_pair,19213,trained,hidden_fit_pca,correct,generators,"['c', 'r', 'i']",0.9520542341243139,0.757746575829193
novel_minima_pair_s19213,novel_minima_pair,19213,trained,hidden_fit_pca,correct,composites,"['rc', 'ci', 'ri', 'rci']",1.0818362721436592,0.9274075111754849
novel_minima_pair_s19213,novel_minima_pair,19213,trained,hidden_fit_pca,shuffled,generators,"['c', 'r', 'i']",1.1777898400015134,1.027648837899157
novel_minima_pair_s19213,novel_minima_pair,19213,trained,hidden_fit_pca,shuffled,composites,"['rc', 'ci', 'ri', 'rci']",1.1433609620172525,1.0009705802406912
novel_minima_pair_s19213,novel_minima_pair,19213,trained,output_identity,correct,identity,['identity'],0.33502204780639483,0.24506378083046323
novel_minima_pair_s19213,novel_minima_pair,19213,trained,output_identity,correct,generators,"['c', 'r', 'i']",0.8647485946963802,0.8232206668359137
novel_minima_pair_s19213,novel_minima_pair,19213,trained,output_identity,correct,composites,"['rc', 'ci', 'ri', 'rci']",0.9702934192730982,0.9516406451081791
novel_minima_pair_s19213,novel_minima_pair,19213,trained,output_identity,shuffled,generators,"['c', 'r', 'i']",1.0344382926066087,1.026077309336862
novel_minima_pair_s19213,novel_minima_pair,19213,trained,output_identity,shuffled,composites,"['rc', 'ci', 'ri', 'rci']",1.013178164319805,1.0029864648296711
novel_minima_pair_s19213_random,novel_minima_pair,19213,random,hidden_fixed_random,correct,identity,['identity'],8.462109496241653e-05,1.965719092219613e-05
novel_minima_pair_s19213_random,novel_minima_pair,19213,random,hidden_fixed_random,correct,generators,"['c', 'r', 'i']",0.7629299476104034,0.7292081541274325
novel_minima_pair_s19213_random,novel_minima_pair,19213,random,hidden_fixed_random,correct,composites,"['rc', 'ci', 'ri', 'rci']",1.0045590334025485,0.9817171532212687
novel_minima_pair_s19213_random,novel_minima_pair,19213,random,hidden_fixed_random,shuffled,generators,"['c', 'r', 'i']",1.0511907459808267,1.0243016628206598
novel_minima_pair_s19213_random,novel_minima_pair,19213,random,hidden_fixed_random,shuffled,composites,"['rc', 'ci', 'ri', 'rci']",1.023009129298743,1.0006043142751226
novel_minima_pair_s19213_random,novel_minima_pair,19213,random,hidden_fit_pca,correct,identity,['identity'],1.024555896784489e-05,1.1405432409812867e-09
novel_minima_pair_s19213_random,novel_minima_pair,19213,random,hidden_fit_pca,correct,generators,"['c', 'r', 'i']",0.763119066709874,0.7292610086897184
novel_minima_pair_s19213_random,novel_minima_pair,19213,random,hidden_fit_pca,correct,composites,"['rc', 'ci', 'ri', 'rci']",1.0046570511940578,0.9816956959520518
novel_minima_pair_s19213_random,novel_minima_pair,19213,random,hidden_fit_pca,shuffled,generators,"['c', 'r', 'i']",1.05127281079049,1.024244954821632
novel_minima_pair_s19213_random,novel_minima_pair,19213,random,hidden_fit_pca,shuffled,composites,"['rc', 'ci', 'ri', 'rci']",1.0231292542001147,1.0006057530294457
novel_minima_pair_s19213_random,novel_minima_pair,19213,random,output_identity,correct,identity,['identity'],0.09546061620748332,0.07944354842232862
novel_minima_pair_s19213_random,novel_minima_pair,19213,random,output_identity,correct,generators,"['c', 'r', 'i']",0.7720245194605363,0.7629887914629693
novel_minima_pair_s19213_random,novel_minima_pair,19213,random,output_identity,correct,composites,"['rc', 'ci', 'ri', 'rci']",0.9811888512120522,0.9780871561025529
novel_minima_pair_s19213_random,novel_minima_pair,19213,random,output_identity,shuffled,generators,"['c', 'r', 'i']",1.0217623150587227,1.0181012328278496
novel_minima_pair_s19213_random,novel_minima_pair,19213,random,output_identity,shuffled,composites,"['rc', 'ci', 'ri', 'rci']",1.0038463182870991,1.0012498514285073
novel_peak_mixed_s17203,novel_peak_mixed,17203,trained,hidden_fixed_random,correct,identity,['identity'],0.059943887489641724,0.015994218682584847
novel_peak_mixed_s17203,novel_peak_mixed,17203,trained,hidden_fixed_random,correct,generators,"['c', 'r', 'i']",0.8841738517777816,0.7123147465751585
novel_peak_mixed_s17203,novel_peak_mixed,17203,trained,hidden_fixed_random,correct,composites,"['rc', 'ci', 'ri', 'rci']",1.0044201327045141,0.8685638841038116
novel_peak_mixed_s17203,novel_peak_mixed,17203,trained,hidden_fixed_random,shuffled,generators,"['c', 'r', 'i']",1.1574518011837602,1.0353756636142857
novel_peak_mixed_s17203,novel_peak_mixed,17203,trained,hidden_fixed_random,shuffled,composites,"['rc', 'ci', 'ri', 'rci']",1.1156569650868564,1.0000746974613612
novel_peak_mixed_s17203,novel_peak_mixed,17203,trained,hidden_fit_pca,correct,identity,['identity'],0.020547160585209653,1.2049045621271054e-08
novel_peak_mixed_s17203,novel_peak_mixed,17203,trained,hidden_fit_pca,correct,generators,"['c', 'r', 'i']",0.8975400734486673,0.7063425613837105
novel_peak_mixed_s17203,novel_peak_mixed,17203,trained,hidden_fit_pca,correct,composites,"['rc', 'ci', 'ri', 'rci']",1.0177588962820152,0.8650528166793042
novel_peak_mixed_s17203,novel_peak_mixed,17203,trained,hidden_fit_pca,shuffled,generators,"['c', 'r', 'i']",1.1749708966947783,1.0343780617774172
novel_peak_mixed_s17203,novel_peak_mixed,17203,trained,hidden_fit_pca,shuffled,composites,"['rc', 'ci', 'ri', 'rci']",1.132044489004839,1.0001825012905596
novel_peak_mixed_s17203,novel_peak_mixed,17203,trained,output_identity,correct,identity,['identity'],0.2708196104931263,0.17877104180067543
novel_peak_mixed_s17203,novel_peak_mixed,17203,trained,output_identity,correct,generators,"['c', 'r', 'i']",0.8075256066290915,0.7561851766073837
novel_peak_mixed_s17203,novel_peak_mixed,17203,trained,output_identity,correct,composites,"['rc', 'ci', 'ri', 'rci']",0.9239506096083177,0.8952861397544968
novel_peak_mixed_s17203,novel_peak_mixed,17203,trained,output_identity,shuffled,generators,"['c', 'r', 'i']",1.03748164648133,1.027751678806653
novel_peak_mixed_s17203,novel_peak_mixed,17203,trained,output_identity,shuffled,composites,"['rc', 'ci', 'ri', 'rci']",1.015475697409252,1.0035761050695025
novel_peak_mixed_s17203_random,novel_peak_mixed,17203,random,hidden_fixed_random,correct,identity,['identity'],0.00012134730161948869,2.867109493761674e-05
novel_peak_mixed_s17203_random,novel_peak_mixed,17203,random,hidden_fixed_random,correct,generators,"['c', 'r', 'i']",0.7775105859890872,0.7402954410899885
novel_peak_mixed_s17203_random,novel_peak_mixed,17203,random,hidden_fixed_random,correct,composites,"['rc', 'ci', 'ri', 'rci']",1.0163683884083348,0.9914933922092607
novel_peak_mixed_s17203_random,novel_peak_mixed,17203,random,hidden_fixed_random,shuffled,generators,"['c', 'r', 'i']",1.0554094316621825,1.0254646906254146
novel_peak_mixed_s17203_random,novel_peak_mixed,17203,random,hidden_fixed_random,shuffled,composites,"['rc', 'ci', 'ri', 'rci']",1.025098122895481,1.0004518146474362
novel_peak_mixed_s17203_random,novel_peak_mixed,17203,random,hidden_fit_pca,correct,identity,['identity'],1.4745941208280534e-05,1.3591656981702195e-09
novel_peak_mixed_s17203_random,novel_peak_mixed,17203,random,hidden_fit_pca,correct,generators,"['c', 'r', 'i']",0.7776252986806066,0.7402255799230764
novel_peak_mixed_s17203_random,novel_peak_mixed,17203,random,hidden_fit_pca,correct,composites,"['rc', 'ci', 'ri', 'rci']",1.0165329480809244,0.9915079155476715
novel_peak_mixed_s17203_random,novel_peak_mixed,17203,random,hidden_fit_pca,shuffled,generators,"['c', 'r', 'i']",1.0556060474918214,1.0254788125345573
novel_peak_mixed_s17203_random,novel_peak_mixed,17203,random,hidden_fit_pca,shuffled,composites,"['rc', 'ci', 'ri', 'rci']",1.025248694984554,1.0004516808255108
novel_peak_mixed_s17203_random,novel_peak_mixed,17203,random,output_identity,correct,identity,['identity'],0.10202789006065723,0.08479429847206638
novel_peak_mixed_s17203_random,novel_peak_mixed,17203,random,output_identity,correct,generators,"['c', 'r', 'i']",0.7828862660333857,0.7727484232082779
novel_peak_mixed_s17203_random,novel_peak_mixed,17203,random,output_identity,correct,composites,"['rc', 'ci', 'ri', 'rci']",0.9896385424088946,0.9861194525793563
novel_peak_mixed_s17203_random,novel_peak_mixed,17203,random,output_identity,shuffled,generators,"['c', 'r', 'i']",1.0286867996764282,1.024362780466442
novel_peak_mixed_s17203_random,novel_peak_mixed,17203,random,output_identity,shuffled,composites,"['rc', 'ci', 'ri', 'rci']",1.004101772713176,1.0009305095233407
novel_peak_mixed_s18211,novel_peak_mixed,18211,trained,hidden_fixed_random,correct,identity,['identity'],0.05890052429321254,0.016059617942033123
novel_peak_mixed_s18211,novel_peak_mixed,18211,trained,hidden_fixed_random,correct,generators,"['c', 'r', 'i']",0.8257412700721881,0.6376930334812135
novel_peak_mixed_s18211,novel_peak_mixed,18211,trained,hidden_fixed_random,correct,composites,"['rc', 'ci', 'ri', 'rci']",0.9157354778714828,0.7555180383422639
novel_peak_mixed_s18211,novel_peak_mixed,18211,trained,hidden_fixed_random,shuffled,generators,"['c', 'r', 'i']",1.15556681713783,1.0305269277096667
novel_peak_mixed_s18211,novel_peak_mixed,18211,trained,hidden_fixed_random,shuffled,composites,"['rc', 'ci', 'ri', 'rci']",1.1211210478738993,1.0001301291200826
novel_peak_mixed_s18211,novel_peak_mixed,18211,trained,hidden_fit_pca,correct,identity,['identity'],0.019487052379912898,1.3694688610980149e-08
novel_peak_mixed_s18211,novel_peak_mixed,18211,trained,hidden_fit_pca,correct,generators,"['c', 'r', 'i']",0.8377195335336387,0.6296917828706214
novel_peak_mixed_s18211,novel_peak_mixed,18211,trained,hidden_fit_pca,correct,composites,"['rc', 'ci', 'ri', 'rci']",0.9292942198803276,0.7512605054185026
novel_peak_mixed_s18211,novel_peak_mixed,18211,trained,hidden_fit_pca,shuffled,generators,"['c', 'r', 'i']",1.1729629687760657,1.0289913813596956
novel_peak_mixed_s18211,novel_peak_mixed,18211,trained,hidden_fit_pca,shuffled,composites,"['rc', 'ci', 'ri', 'rci']",1.137625030658576,0.9993875306526451
novel_peak_mixed_s18211,novel_peak_mixed,18211,trained,output_identity,correct,identity,['identity'],0.26794911549983674,0.172947789128675
novel_peak_mixed_s18211,novel_peak_mixed,18211,trained,output_identity,correct,generators,"['c', 'r', 'i']",0.752205152013695,0.6867045054343255
novel_peak_mixed_s18211,novel_peak_mixed,18211,trained,output_identity,correct,composites,"['rc', 'ci', 'ri', 'rci']",0.8475727676770612,0.8016604262704132
novel_peak_mixed_s18211,novel_peak_mixed,18211,trained,output_identity,shuffled,generators,"['c', 'r', 'i']",1.0345236191201341,1.0227077436179026
novel_peak_mixed_s18211,novel_peak_mixed,18211,trained,output_identity,shuffled,composites,"['rc', 'ci', 'ri', 'rci']",1.017502532428207,1.0042406841261833
novel_peak_mixed_s18211_random,novel_peak_mixed,18211,random,hidden_fixed_random,correct,identity,['identity'],8.118637826278891e-05,1.9985027137119564e-05
novel_peak_mixed_s18211_random,novel_peak_mixed,18211,random,hidden_fixed_random,correct,generators,"['c', 'r', 'i']",0.7669883451819862,0.7357451665137413
novel_peak_mixed_s18211_random,novel_peak_mixed,18211,random,hidden_fixed_random,correct,composites,"['rc', 'ci', 'ri', 'rci']",1.0097562712674433,0.9889345123487587
novel_peak_mixed_s18211_random,novel_peak_mixed,18211,random,hidden_fixed_random,shuffled,generators,"['c', 'r', 'i']",1.0466386787998045,1.0214635208624725
novel_peak_mixed_s18211_random,novel_peak_mixed,18211,random,hidden_fixed_random,shuffled,composites,"['rc', 'ci', 'ri', 'rci']",1.0212768794518483,1.0007053147442089
novel_peak_mixed_s18211_random,novel_peak_mixed,18211,random,hidden_fit_pca,correct,identity,['identity'],9.906344995700073e-06,1.0041954388238142e-09
novel_peak_mixed_s18211_random,novel_peak_mixed,18211,random,hidden_fit_pca,correct,generators,"['c', 'r', 'i']",0.7670489681789402,0.7356756937010882
novel_peak_mixed_s18211_random,novel_peak_mixed,18211,random,hidden_fit_pca,correct,composites,"['rc', 'ci', 'ri', 'rci']",1.0098394366951489,0.9889144997110595
novel_peak_mixed_s18211_random,novel_peak_mixed,18211,random,hidden_fit_pca,shuffled,generators,"['c', 'r', 'i']",1.04679342287825,1.0214897628667983
novel_peak_mixed_s18211_random,novel_peak_mixed,18211,random,hidden_fit_pca,shuffled,composites,"['rc', 'ci', 'ri', 'rci']",1.0213782550641493,1.0007036726800735
novel_peak_mixed_s18211_random,novel_peak_mixed,18211,random,output_identity,correct,identity,['identity'],0.08366704318015844,0.06909033165647793
novel_peak_mixed_s18211_random,novel_peak_mixed,18211,random,output_identity,correct,generators,"['c', 'r', 'i']",0.7785622153162999,0.7698416061197946
novel_peak_mixed_s18211_random,novel_peak_mixed,18211,random,output_identity,correct,composites,"['rc', 'ci', 'ri', 'rci']",0.9926443532109347,0.9896929614316358
novel_peak_mixed_s18211_random,novel_peak_mixed,18211,random,output_identity,shuffled,generators,"['c', 'r', 'i']",1.0198597344810205,1.0158957243002729
novel_peak_mixed_s18211_random,novel_peak_mixed,18211,random,output_identity,shuffled,composites,"['rc', 'ci', 'ri', 'rci']",1.0039720803850682,1.0012813237959313
novel_peak_mixed_s19213,novel_peak_mixed,19213,trained,hidden_fixed_random,correct,identity,['identity'],0.0425318885716079,0.011337167590987919
novel_peak_mixed_s19213,novel_peak_mixed,19213,trained,hidden_fixed_random,correct,generators,"['c', 'r', 'i']",0.8669308091303604,0.690967634454438
novel_peak_mixed_s19213,novel_peak_mixed,19213,trained,hidden_fixed_random,correct,composites,"['rc', 'ci', 'ri', 'rci']",0.9512816152037503,0.7984049582494923
novel_peak_mixed_s19213,novel_peak_mixed,19213,trained,hidden_fixed_random,shuffled,generators,"['c', 'r', 'i']",1.1582919909397564,1.0343341256394212
novel_peak_mixed_s19213,novel_peak_mixed,19213,trained,hidden_fixed_random,shuffled,composites,"['rc', 'ci', 'ri', 'rci']",1.1228358696589154,1.00056395702052
novel_peak_mixed_s19213,novel_peak_mixed,19213,trained,hidden_fit_pca,correct,identity,['identity'],0.012841258863205442,1.5252659756781704e-08
novel_peak_mixed_s19213,novel_peak_mixed,19213,trained,hidden_fit_pca,correct,generators,"['c', 'r', 'i']",0.8774341718706467,0.6857863586160899
novel_peak_mixed_s19213,novel_peak_mixed,19213,trained,hidden_fit_pca,correct,composites,"['rc', 'ci', 'ri', 'rci']",0.9629385111872576,0.7953220945642305
novel_peak_mixed_s19213,novel_peak_mixed,19213,trained,hidden_fit_pca,shuffled,generators,"['c', 'r', 'i']",1.172774021360397,1.0338223440128431
novel_peak_mixed_s19213,novel_peak_mixed,19213,trained,hidden_fit_pca,shuffled,composites,"['rc', 'ci', 'ri', 'rci']",1.136927602591956,1.0003526247830257
novel_peak_mixed_s19213,novel_peak_mixed,19213,trained,output_identity,correct,identity,['identity'],0.33015984040348884,0.2479202593943283
novel_peak_mixed_s19213,novel_peak_mixed,19213,trained,output_identity,correct,generators,"['c', 'r', 'i']",0.812762124897028,0.7691558147286864
novel_peak_mixed_s19213,novel_peak_mixed,19213,trained,output_identity,correct,composites,"['rc', 'ci', 'ri', 'rci']",0.9004457342688356,0.8731293894015574
novel_peak_mixed_s19213,novel_peak_mixed,19213,trained,output_identity,shuffled,generators,"['c', 'r', 'i']",1.032139695643369,1.0276267294953458
novel_peak_mixed_s19213,novel_peak_mixed,19213,trained,output_identity,shuffled,composites,"['rc', 'ci', 'ri', 'rci']",1.0104176433035161,1.0029245630139252
novel_peak_mixed_s19213_random,novel_peak_mixed,19213,random,hidden_fixed_random,correct,identity,['identity'],8.650570781371163e-05,2.0324460773482117e-05
novel_peak_mixed_s19213_random,novel_peak_mixed,19213,random,hidden_fixed_random,correct,generators,"['c', 'r', 'i']",0.7627883724915074,0.7291265447819879
novel_peak_mixed_s19213_random,novel_peak_mixed,19213,random,hidden_fixed_random,correct,composites,"['rc', 'ci', 'ri', 'rci']",1.0045065335734311,0.9817044332421487
novel_peak_mixed_s19213_random,novel_peak_mixed,19213,random,hidden_fixed_random,shuffled,generators,"['c', 'r', 'i']",1.0510799361956082,1.0242390349118689
novel_peak_mixed_s19213_random,novel_peak_mixed,19213,random,hidden_fixed_random,shuffled,composites,"['rc', 'ci', 'ri', 'rci']",1.0229752597050372,1.0006098172011957
novel_peak_mixed_s19213_random,novel_peak_mixed,19213,random,hidden_fit_pca,correct,identity,['identity'],1.0668170946132548e-05,1.1385611478515673e-09
novel_peak_mixed_s19213_random,novel_peak_mixed,19213,random,hidden_fit_pca,correct,generators,"['c', 'r', 'i']",0.763001681100113,0.7292067449414863
novel_peak_mixed_s19213_random,novel_peak_mixed,19213,random,hidden_fit_pca,correct,composites,"['rc', 'ci', 'ri', 'rci']",1.004623985507044,0.9817035971704049
novel_peak_mixed_s19213_random,novel_peak_mixed,19213,random,hidden_fit_pca,shuffled,generators,"['c', 'r', 'i']",1.0511973333631484,1.0242213402778562
novel_peak_mixed_s19213_random,novel_peak_mixed,19213,random,hidden_fit_pca,shuffled,composites,"['rc', 'ci', 'ri', 'rci']",1.023089577614911,1.0006061015018635
novel_peak_mixed_s19213_random,novel_peak_mixed,19213,random,output_identity,correct,identity,['identity'],0.09556668623592154,0.07969295905960172
novel_peak_mixed_s19213_random,novel_peak_mixed,19213,random,output_identity,correct,generators,"['c', 'r', 'i']",0.7709157276370437,0.7619817899909416
novel_peak_mixed_s19213_random,novel_peak_mixed,19213,random,output_identity,correct,composites,"['rc', 'ci', 'ri', 'rci']",0.9804063829216375,0.9773176901069385
novel_peak_mixed_s19213_random,novel_peak_mixed,19213,random,output_identity,shuffled,generators,"['c', 'r', 'i']",1.0229792666697282,1.0193236199194173
novel_peak_mixed_s19213_random,novel_peak_mixed,19213,random,output_identity,shuffled,composites,"['rc', 'ci', 'ri', 'rci']",1.0039907083492186,1.001393213024995
novel_records_s17203,novel_records,17203,trained,hidden_fixed_random,correct,identity,['identity'],0.03656187953660127,0.009434733241096484
novel_records_s17203,novel_records,17203,trained,hidden_fixed_random,correct,generators,"['c', 'r', 'i']",0.773756945312478,0.6335353156861319
novel_records_s17203,novel_records,17203,trained,hidden_fixed_random,correct,composites,"['rc', 'ci', 'ri', 'rci']",0.8957464475555602,0.7759992666887474
novel_records_s17203,novel_records,17203,trained,hidden_fixed_random,shuffled,generators,"['c', 'r', 'i']",1.1216178798513323,1.0282902628891173
novel_records_s17203,novel_records,17203,trained,hidden_fixed_random,shuffled,composites,"['rc', 'ci', 'ri', 'rci']",1.0944356194490648,1.0014422540932921
novel_records_s17203,novel_records,17203,trained,hidden_fit_pca,correct,identity,['identity'],0.01131025386641593,1.4876117392580292e-12
novel_records_s17203,novel_records,17203,trained,hidden_fit_pca,correct,generators,"['c', 'r', 'i']",0.7808556748282482,0.6276620721083405
novel_records_s17203,novel_records,17203,trained,hidden_fit_pca,correct,composites,"['rc', 'ci', 'ri', 'rci']",0.9027340667176929,0.7707602418974784
novel_records_s17203,novel_records,17203,trained,hidden_fit_pca,shuffled,generators,"['c', 'r', 'i']",1.133679364151274,1.0280386837897173
novel_records_s17203,novel_records,17203,trained,hidden_fit_pca,shuffled,composites,"['rc', 'ci', 'ri', 'rci']",1.1056403200248046,1.0010108060472922
novel_records_s17203,novel_records,17203,trained,output_identity,correct,identity,['identity'],0.16388570014425716,0.09780072997313403
novel_records_s17203,novel_records,17203,trained,output_identity,correct,generators,"['c', 'r', 'i']",0.7447719383026201,0.6691490100490085
novel_records_s17203,novel_records,17203,trained,output_identity,correct,composites,"['rc', 'ci', 'ri', 'rci']",0.8672482325714611,0.8089191437155707
novel_records_s17203,novel_records,17203,trained,output_identity,shuffled,generators,"['c', 'r', 'i']",1.061830676305232,1.02870125122859
novel_records_s17203,novel_records,17203,trained,output_identity,shuffled,composites,"['rc', 'ci', 'ri', 'rci']",1.0402471462572145,1.0052622559694373
novel_records_s17203_random,novel_records,17203,random,hidden_fixed_random,correct,identity,['identity'],0.00012700152855568098,2.984549636288223e-05
novel_records_s17203_random,novel_records,17203,random,hidden_fixed_random,correct,generators,"['c', 'r', 'i']",0.7775792664979386,0.7402750993344203
novel_records_s17203_random,novel_records,17203,random,hidden_fixed_random,correct,composites,"['rc', 'ci', 'ri', 'rci']",1.0164043975837949,0.9914803605968476
novel_records_s17203_random,novel_records,17203,random,hidden_fixed_random,shuffled,generators,"['c', 'r', 'i']",1.055465039653631,1.0254472214837511
novel_records_s17203_random,novel_records,17203,random,hidden_fixed_random,shuffled,composites,"['rc', 'ci', 'ri', 'rci']",1.0251561427214178,1.0004614659906137
novel_records_s17203_random,novel_records,17203,random,hidden_fit_pca,correct,identity,['identity'],1.5762730868364072e-05,1.3684377312870518e-09
novel_records_s17203_random,novel_records,17203,random,hidden_fit_pca,correct,generators,"['c', 'r', 'i']",0.7777136836253533,0.7402182794077012
novel_records_s17203_random,novel_records,17203,random,hidden_fit_pca,correct,composites,"['rc', 'ci', 'ri', 'rci']",1.016576725523123,0.9914962249936068
novel_records_s17203_random,novel_records,17203,random,hidden_fit_pca,shuffled,generators,"['c', 'r', 'i']",1.0556479320685588,1.0254406111488625
novel_records_s17203_random,novel_records,17203,random,hidden_fit_pca,shuffled,composites,"['rc', 'ci', 'ri', 'rci']",1.0253060610407678,1.0004544622639693
novel_records_s17203_random,novel_records,17203,random,output_identity,correct,identity,['identity'],0.10073168859086534,0.08356123284716327
novel_records_s17203_random,novel_records,17203,random,output_identity,correct,generators,"['c', 'r', 'i']",0.7822917078499232,0.7718593520290526
novel_records_s17203_random,novel_records,17203,random,output_identity,correct,composites,"['rc', 'ci', 'ri', 'rci']",0.9901266419408353,0.9864301564357467
novel_records_s17203_random,novel_records,17203,random,output_identity,shuffled,generators,"['c', 'r', 'i']",1.0290013859058496,1.0244456534200574
novel_records_s17203_random,novel_records,17203,random,output_identity,shuffled,composites,"['rc', 'ci', 'ri', 'rci']",1.0043573564072747,1.0010066044675323
novel_records_s18211,novel_records,18211,trained,hidden_fixed_random,correct,identity,['identity'],0.033611699735490067,0.008801994187915916
novel_records_s18211,novel_records,18211,trained,hidden_fixed_random,correct,generators,"['c', 'r', 'i']",0.7699820592738599,0.6368870517658415
novel_records_s18211,novel_records,18211,trained,hidden_fixed_random,correct,composites,"['rc', 'ci', 'ri', 'rci']",0.8917051797069933,0.7770788206022662
novel_records_s18211,novel_records,18211,trained,hidden_fixed_random,shuffled,generators,"['c', 'r', 'i']",1.1067107904683968,1.0165515710922246
novel_records_s18211,novel_records,18211,trained,hidden_fixed_random,shuffled,composites,"['rc', 'ci', 'ri', 'rci']",1.0919967110002913,1.0029661244314343
novel_records_s18211,novel_records,18211,trained,hidden_fit_pca,correct,identity,['identity'],0.010233737687412531,1.4281714232824e-12
novel_records_s18211,novel_records,18211,trained,hidden_fit_pca,correct,generators,"['c', 'r', 'i']",0.7769540232940039,0.6303158233268734
novel_records_s18211,novel_records,18211,trained,hidden_fit_pca,correct,composites,"['rc', 'ci', 'ri', 'rci']",0.8999482866448002,0.7724370962085643
novel_records_s18211,novel_records,18211,trained,hidden_fit_pca,shuffled,generators,"['c', 'r', 'i']",1.117509162622255,1.0144752463714668
novel_records_s18211,novel_records,18211,trained,hidden_fit_pca,shuffled,composites,"['rc', 'ci', 'ri', 'rci']",1.1024666507027256,1.0008832783288155
novel_records_s18211,novel_records,18211,trained,output_identity,correct,identity,['identity'],0.1311601438270764,0.07051922113903286
novel_records_s18211,novel_records,18211,trained,output_identity,correct,generators,"['c', 'r', 'i']",0.7378082896465396,0.6593506203762329
novel_records_s18211,novel_records,18211,trained,output_identity,correct,composites,"['rc', 'ci', 'ri', 'rci']",0.8565826561237887,0.793518360100781
novel_records_s18211,novel_records,18211,trained,output_identity,shuffled,generators,"['c', 'r', 'i']",1.056842428778944,1.0191349501471794
novel_records_s18211,novel_records,18211,trained,output_identity,shuffled,composites,"['rc', 'ci', 'ri', 'rci']",1.04327496240739,1.0041212071286905
novel_records_s18211_random,novel_records,18211,random,hidden_fixed_random,correct,identity,['identity'],8.118678464778902e-05,1.9869903549377573e-05
novel_records_s18211_random,novel_records,18211,random,hidden_fixed_random,correct,generators,"['c', 'r', 'i']",0.76701708699073,0.735741310547545
novel_records_s18211_random,novel_records,18211,random,hidden_fixed_random,correct,composites,"['rc', 'ci', 'ri', 'rci']",1.0097734250377428,0.9889359689172896
novel_records_s18211_random,novel_records,18211,random,hidden_fixed_random,shuffled,generators,"['c', 'r', 'i']",1.0467168891105472,1.0215157921605709
novel_records_s18211_random,novel_records,18211,random,hidden_fixed_random,shuffled,composites,"['rc', 'ci', 'ri', 'rci']",1.0212925559537545,1.0007053450823837
novel_records_s18211_random,novel_records,18211,random,hidden_fit_pca,correct,identity,['identity'],1.01625542522214e-05,1.0046173925702521e-09
novel_records_s18211_random,novel_records,18211,random,hidden_fit_pca,correct,generators,"['c', 'r', 'i']",0.7670815571274736,0.7356747175352412
novel_records_s18211_random,novel_records,18211,random,hidden_fit_pca,correct,composites,"['rc', 'ci', 'ri', 'rci']",1.0098464708100456,0.9889023115740264
novel_records_s18211_random,novel_records,18211,random,hidden_fit_pca,shuffled,generators,"['c', 'r', 'i']",1.0468210438196643,1.0214894717728396
novel_records_s18211_random,novel_records,18211,random,hidden_fit_pca,shuffled,composites,"['rc', 'ci', 'ri', 'rci']",1.0213937766552712,1.000700393600114
novel_records_s18211_random,novel_records,18211,random,output_identity,correct,identity,['identity'],0.08505216074667273,0.07048284079629154
novel_records_s18211_random,novel_records,18211,random,output_identity,correct,generators,"['c', 'r', 'i']",0.7783390574616367,0.7696180355623014
novel_records_s18211_random,novel_records,18211,random,output_identity,correct,composites,"['rc', 'ci', 'ri', 'rci']",0.991908525787382,0.9889595294608842
novel_records_s18211_random,novel_records,18211,random,output_identity,shuffled,generators,"['c', 'r', 'i']",1.0201991300168634,1.0162622133670964
novel_records_s18211_random,novel_records,18211,random,output_identity,shuffled,composites,"['rc', 'ci', 'ri', 'rci']",1.0042104831658158,1.0015350573522104
novel_records_s19213,novel_records,19213,trained,hidden_fixed_random,correct,identity,['identity'],0.04263332476655317,0.0112109166534285
novel_records_s19213,novel_records,19213,trained,hidden_fixed_random,correct,generators,"['c', 'r', 'i']",0.7610844708861952,0.5970057929764105
novel_records_s19213,novel_records,19213,trained,hidden_fixed_random,correct,composites,"['rc', 'ci', 'ri', 'rci']",0.8919426230859424,0.7537968066644355
novel_records_s19213,novel_records,19213,trained,hidden_fixed_random,shuffled,generators,"['c', 'r', 'i']",1.1346123171018654,1.0286482178833958
novel_records_s19213,novel_records,19213,trained,hidden_fixed_random,shuffled,composites,"['rc', 'ci', 'ri', 'rci']",1.1062973291746887,1.0014862355108891
novel_records_s19213,novel_records,19213,trained,hidden_fit_pca,correct,identity,['identity'],0.013289709217046487,1.3283711599579342e-12
novel_records_s19213,novel_records,19213,trained,hidden_fit_pca,correct,generators,"['c', 'r', 'i']",0.769197778764601,0.5902776665556339
novel_records_s19213,novel_records,19213,trained,hidden_fit_pca,correct,composites,"['rc', 'ci', 'ri', 'rci']",0.9005365192503394,0.7480806986697985
novel_records_s19213,novel_records,19213,trained,hidden_fit_pca,shuffled,generators,"['c', 'r', 'i']",1.148592342126449,1.0286810019176964
novel_records_s19213,novel_records,19213,trained,hidden_fit_pca,shuffled,composites,"['rc', 'ci', 'ri', 'rci']",1.1195010241828112,1.001099214889284
novel_records_s19213,novel_records,19213,trained,output_identity,correct,identity,['identity'],0.17903588315641172,0.10575994440989041
novel_records_s19213,novel_records,19213,trained,output_identity,correct,generators,"['c', 'r', 'i']",0.7171590464642793,0.6229981617320927
novel_records_s19213,novel_records,19213,trained,output_identity,correct,composites,"['rc', 'ci', 'ri', 'rci']",0.8471388102091011,0.7747058925128762
novel_records_s19213,novel_records,19213,trained,output_identity,shuffled,generators,"['c', 'r', 'i']",1.0695170184179357,1.0297386050054982
novel_records_s19213,novel_records,19213,trained,output_identity,shuffled,composites,"['rc', 'ci', 'ri', 'rci']",1.0464300184011242,1.0049635170213422
novel_records_s19213_random,novel_records,19213,random,hidden_fixed_random,correct,identity,['identity'],8.773521401056463e-05,2.05068161323082e-05
novel_records_s19213_random,novel_records,19213,random,hidden_fixed_random,correct,generators,"['c', 'r', 'i']",0.7627145551648962,0.729111601762888
novel_records_s19213_random,novel_records,19213,random,hidden_fixed_random,correct,composites,"['rc', 'ci', 'ri', 'rci']",1.0044590201099564,0.981697036620823
novel_records_s19213_random,novel_records,19213,random,hidden_fixed_random,shuffled,generators,"['c', 'r', 'i']",1.0511258990581467,1.024336324042863
novel_records_s19213_random,novel_records,19213,random,hidden_fixed_random,shuffled,composites,"['rc', 'ci', 'ri', 'rci']",1.0229187117845566,1.0005924260960686
novel_records_s19213_random,novel_records,19213,random,hidden_fit_pca,correct,identity,['identity'],1.0704805515122243e-05,1.1489707626547167e-09
novel_records_s19213_random,novel_records,19213,random,hidden_fit_pca,correct,generators,"['c', 'r', 'i']",0.762884424670548,0.7291398283515562
novel_records_s19213_random,novel_records,19213,random,hidden_fit_pca,correct,composites,"['rc', 'ci', 'ri', 'rci']",1.0045713121300734,0.9816822514763152
novel_records_s19213_random,novel_records,19213,random,hidden_fit_pca,shuffled,generators,"['c', 'r', 'i']",1.0511438695487185,1.024209874208785
novel_records_s19213_random,novel_records,19213,random,hidden_fit_pca,shuffled,composites,"['rc', 'ci', 'ri', 'rci']",1.023054834430316,1.0006024791384822
novel_records_s19213_random,novel_records,19213,random,output_identity,correct,identity,['identity'],0.09504662872058009,0.0790813880936784
novel_records_s19213_random,novel_records,19213,random,output_identity,correct,generators,"['c', 'r', 'i']",0.7707972501754374,0.7618284232338574
novel_records_s19213_random,novel_records,19213,random,output_identity,correct,composites,"['rc', 'ci', 'ri', 'rci']",0.9808591687633818,0.9777407279456866
novel_records_s19213_random,novel_records,19213,random,output_identity,shuffled,generators,"['c', 'r', 'i']",1.0227001616234752,1.0190419658424728
novel_records_s19213_random,novel_records,19213,random,output_identity,shuffled,composites,"['rc', 'ci', 'ri', 'rci']",1.0040034577813444,1.001374228863536
