cohort,condition,seed,answer_accuracy,both_correct_fraction,orientation_excess_all_pairs
new_6,correct_relations,8111,0.21242559523809523,0.2340029761904762,0.2068452380952381
new_6,correct_relations,9127,0.22395833333333337,0.23921130952380948,0.22023809523809523
new_6,correct_relations,10141,0.1166294642857143,0.12648809523809526,0.10937499999999999
new_6,correct_relations,11159,0.18563988095238093,0.19456845238095238,0.1722470238095238
new_6,correct_relations,12163,0.13802083333333337,0.14694940476190477,0.1242559523809524
new_6,correct_relations,13171,0.2280505952380953,0.22247023809523808,0.2183779761904762
new_6,ordinary,8111,0.010602678571428603,0.012276785714285716,0.009300595238095236
new_6,ordinary,9127,0.013950892857142794,0.02380952380952381,0.011160714285714284
new_6,ordinary,10141,0.007068452380952384,0.011532738095238094,0.007068452380952381
new_6,ordinary,11159,0.0035342261904762196,0.00818452380952381,0.0018601190476190475
new_6,ordinary,12163,0.003720238095238082,0.007068452380952381,0.0018601190476190475
new_6,ordinary,13171,-0.009486607142857095,-0.002976190476190476,-0.014136904761904762
new_6,shuffled_relations,8111,-0.0016741071428570953,-0.006696428571428571,-0.004836309523809524
new_6,shuffled_relations,9127,0.002418154761904767,-0.007068452380952381,-0.003720238095238095
new_6,shuffled_relations,10141,0.004464285714285698,-0.002232142857142858,0.0037202380952380946
new_6,shuffled_relations,11159,0.0027901785714285476,0.010788690476190476,0.004092261904761904
new_6,shuffled_relations,12163,-0.0018601190476190688,0.0018601190476190475,-0.0026041666666666665
new_6,shuffled_relations,13171,-0.0011160714285714524,0.004464285714285714,-0.003720238095238095
new_worlds_3,correct_relations,14173,0.2154017857142857,0.20833333333333331,0.19903273809523808
new_worlds_3,correct_relations,15187,0.24516369047619047,0.24181547619047616,0.22023809523809526
new_worlds_3,correct_relations,16189,0.25483630952380953,0.28422619047619047,0.2619047619047619
new_worlds_3,ordinary,14173,0.00037202380952378045,0.009672619047619048,0.0011160714285714285
new_worlds_3,ordinary,15187,0.013578869047619013,0.020089285714285716,0.008556547619047618
new_worlds_3,ordinary,16189,0.00911458333333337,0.018229166666666664,0.003348214285714286
new_worlds_3,shuffled_relations,14173,-0.003720238095238082,-0.021577380952380956,0.000744047619047619
new_worlds_3,shuffled_relations,15187,-0.00018601190476186247,0.0026041666666666665,0.0003720238095238095
new_worlds_3,shuffled_relations,16189,0.0016741071428570953,0.00818452380952381,0.0026041666666666665
original_3,correct_relations,5081,0.2860863095238095,0.31882440476190477,0.3020833333333333
original_3,correct_relations,6091,0.23921130952380953,0.2593005952380952,0.2347470238095238
original_3,correct_relations,7103,0.25539434523809523,0.2767857142857143,0.2566964285714286
original_3,ordinary,5081,0.0228794642857143,0.033482142857142856,0.01748511904761905
original_3,ordinary,6091,0.0020461309523809312,0.010044642857142858,-0.00669642857142857
original_3,ordinary,7103,0.008556547619047616,0.014880952380952384,0.006324404761904762
original_3,shuffled_relations,5081,0.0009300595238094789,0.000744047619047619,-0.000744047619047619
original_3,shuffled_relations,6091,-0.003534226190476164,0.0,0.0
original_3,shuffled_relations,7103,0.006882440476190466,0.010788690476190476,-0.005208333333333333
