scenario,world_seed,model_seed,step,accuracy,loss
A110,17,17,0,0.19199999421834946,1.7717316150665283
A110,17,17,100,0.4259999804198742,1.1807901859283447
A110,17,17,200,0.803199976682663,0.5212181210517883
A110,17,17,300,0.9939999878406525,0.08332061767578125
A110,17,17,400,1.0,0.006256528198719025
A110,17,17,500,1.0,0.002794431522488594
A110,17,17,600,1.0,0.0016678959364071488
A110,17,17,700,1.0,0.0011295253643766046
A110,17,17,800,1.0,0.0008225267520174384
A110,17,17,900,1.0,0.0006282264948822558
A110,17,17,1000,1.0,0.0004963852115906775
A110,17,17,1100,1.0,0.0004023259098175913
A110,17,17,1200,1.0,0.00033263288787566125
A110,42,17,0,0.20439999550580978,1.7727148532867432
A110,42,17,100,0.27799998968839645,1.55086088180542
A110,42,17,200,1.0,0.046494048088788986
A110,42,17,300,1.0,0.006596411112695932
A110,42,17,400,1.0,0.003041960299015045
A110,42,17,500,1.0,0.001802632468752563
A110,42,17,600,1.0,0.0012064987095072865
A110,42,17,700,1.0,0.0008688745438121259
A110,42,17,800,1.0,0.0006572832353413105
A110,42,17,900,1.0,0.0005151325021870434
A110,42,17,1000,1.0,0.00041465830872766674
A110,42,17,1100,1.0,0.0003408375778235495
A110,42,17,1200,1.0,0.0002849080483429134
A110,101,17,0,0.2027999944984913,1.7775050401687622
A110,101,17,100,0.4587999954819679,1.1384638547897339
A110,101,17,200,0.6299999952316284,0.7879590392112732
A110,101,17,300,0.6807999983429909,0.6787685751914978
A110,101,17,400,0.8943999856710434,0.3164661228656769
A110,101,17,500,1.0,0.00809192843735218
A110,101,17,600,1.0,0.0020957377273589373
A110,101,17,700,1.0,0.0011421312810853124
A110,101,17,800,1.0,0.000751301646232605
A110,101,17,900,1.0,0.0005424974369816482
A110,101,17,1000,1.0,0.0004144507402088493
A110,101,17,1100,1.0,0.0003289014275651425
A110,101,17,1200,1.0,0.00026827858528122306
B111,17,17,0,0.1947999931871891,1.7692691087722778
B111,17,17,100,0.7675999887287617,0.7057958245277405
B111,17,17,200,0.931999996304512,0.24005712568759918
B111,17,17,300,1.0,0.009826199151575565
B111,17,17,400,1.0,0.0031746451277285814
B111,17,17,500,1.0,0.001688560820184648
B111,17,17,600,1.0,0.0010831289691850543
B111,17,17,700,1.0,0.0007647495367564261
B111,17,17,800,1.0,0.0005727940588258207
B111,17,17,900,1.0,0.0004467146354727447
B111,17,17,1000,1.0,0.00035884842509403825
B111,17,17,1100,1.0,0.0002948623150587082
B111,17,17,1200,1.0,0.0002466605219524354
B111,42,17,0,0.20799999311566353,1.772815465927124
B111,42,17,100,0.27479998767375946,1.531661033630371
B111,42,17,200,1.0,0.04870796948671341
B111,42,17,300,1.0,0.005123225972056389
B111,42,17,400,1.0,0.0023374028969556093
B111,42,17,500,1.0,0.0013793971156701446
B111,42,17,600,1.0,0.0009215737227350473
B111,42,17,700,1.0,0.0006631450378336012
B111,42,17,800,1.0,0.0005014751222915947
B111,42,17,900,1.0,0.00039299283525906503
B111,42,17,1000,1.0,0.00031636792118661106
B111,42,17,1100,1.0,0.0002600930747576058
B111,42,17,1200,1.0,0.00021747054415754974
B111,101,17,0,0.2027999944984913,1.7777312994003296
B111,101,17,100,0.45399999618530273,1.1398706436157227
B111,101,17,200,0.6555999964475632,0.7537029385566711
B111,101,17,300,0.9451999962329865,0.20050425827503204
B111,101,17,400,1.0,0.004137739073485136
B111,101,17,500,1.0,0.001846893923357129
B111,101,17,600,1.0,0.0011275287251919508
B111,101,17,700,1.0,0.0007799598970450461
B111,101,17,800,1.0,0.0005785871762782335
B111,101,17,900,1.0,0.0004490982973948121
B111,101,17,1000,1.0,0.00035992698394693434
B111,101,17,1100,1.0,0.0002954382507596165
B111,101,17,1200,1.0,0.0002470523468218744
A120,17,17,0,0.1947999931871891,1.7712215185165405
A120,17,17,100,0.4083999954164028,1.1978850364685059
A120,17,17,200,0.5223999880254269,1.0322544574737549
A120,17,17,300,0.7515999972820282,0.6324254274368286
A120,17,17,400,1.0,0.013517601415514946
A120,17,17,500,1.0,0.0033854637295007706
A120,17,17,600,1.0,0.0017715988215059042
A120,17,17,700,1.0,0.0011280762264505029
A120,17,17,800,1.0,0.000793463783338666
A120,17,17,900,1.0,0.0005932000349275768
A120,17,17,1000,1.0,0.0004622492706403136
A120,17,17,1100,1.0,0.00037120620254427195
A120,17,17,1200,1.0,0.0003049889928661287
A120,42,17,0,0.2027999944984913,1.7728378772735596
A120,42,17,100,0.2547999992966652,1.576844334602356
A120,42,17,200,0.8552000001072884,0.3897444009780884
A120,42,17,300,1.0,0.0139838345348835
A120,42,17,400,1.0,0.004464411176741123
A120,42,17,500,1.0,0.002377736382186413
A120,42,17,600,1.0,0.0015105755301192403
A120,42,17,700,1.0,0.0010546274716034532
A120,42,17,800,1.0,0.0007814469281584024
A120,42,17,900,1.0,0.0006033629179000854
A120,42,17,1000,1.0,0.0004801873292308301
A120,42,17,1100,1.0,0.00039115510298870504
A120,42,17,1200,1.0,0.0003245692059863359
A120,101,17,0,0.19919999688863754,1.777557373046875
A120,101,17,100,0.4519999958574772,1.1492564678192139
A120,101,17,200,0.6471999958157539,0.7701561450958252
A120,101,17,300,0.9816000014543533,0.12006568908691406
A120,101,17,400,1.0,0.004003047477453947
A120,101,17,500,1.0,0.0017638389253988862
A120,101,17,600,1.0,0.0010531414300203323
A120,101,17,700,1.0,0.0007157323998399079
A120,101,17,800,1.0,0.0005236994475126266
A120,101,17,900,1.0,0.0004021170607302338
A120,101,17,1000,1.0,0.0003194849123246968
A120,101,17,1100,1.0,0.0002603881002869457
A120,101,17,1200,1.0,0.00021646689856424928
B112,17,17,0,0.19439999386668205,1.771430253982544
B112,17,17,100,0.4227999784052372,1.1842514276504517
B112,17,17,200,0.668799988925457,0.8014593720436096
B112,17,17,300,0.8347999975085258,0.3855540156364441
B112,17,17,400,0.9959999918937683,0.04831373319029808
B112,17,17,500,1.0,0.004480365198105574
B112,17,17,600,1.0,0.0019750259816646576
B112,17,17,700,1.0,0.0011854168260470033
B112,17,17,800,1.0,0.0008112752693705261
B112,17,17,900,1.0,0.0005977883120067418
B112,17,17,1000,1.0,0.00046200514771044254
B112,17,17,1100,1.0,0.00036922431900165975
B112,17,17,1200,1.0,0.000302501255646348
B112,42,17,0,0.20519999414682388,1.772780418395996
B112,42,17,100,0.2627999931573868,1.5791295766830444
B112,42,17,200,0.8823999911546707,0.35813069343566895
B112,42,17,300,1.0,0.01009283121675253
B112,42,17,400,1.0,0.003392860759049654
B112,42,17,500,1.0,0.001829467248171568
B112,42,17,600,1.0,0.0011684643104672432
B112,42,17,700,1.0,0.0008180701988749206
B112,42,17,800,1.0,0.0006072432151995599
B112,42,17,900,1.0,0.0004695026436820626
B112,42,17,1000,1.0,0.0003740949323400855
B112,42,17,1100,1.0,0.00030506402254104614
B112,42,17,1200,1.0,0.0002533906954340637
B112,101,17,0,0.1995999962091446,1.7775906324386597
B112,101,17,100,0.45319999381899834,1.1390920877456665
B112,101,17,200,0.6311999931931496,0.7857555747032166
B112,101,17,300,0.7419999912381172,0.5954523682594299
B112,101,17,400,0.9995999932289124,0.01876753196120262
B112,101,17,500,1.0,0.0025569102726876736
B112,101,17,600,1.0,0.0012761491816490889
B112,101,17,700,1.0,0.0008054882055148482
B112,101,17,800,1.0,0.0005668990197591484
B112,101,17,900,1.0,0.00042539520654827356
B112,101,17,1000,1.0,0.0003330963372718543
B112,101,17,1100,1.0,0.0002688920358195901
B112,101,17,1200,1.0,0.0002220962051069364
A210,17,17,0,0.1955999918282032,1.7721015214920044
A210,17,17,100,0.4211999960243702,1.1946381330490112
A210,17,17,200,0.7843999899923801,0.5691701769828796
A210,17,17,300,1.0,0.027236757799983025
A210,17,17,400,1.0,0.0039003409910947084
A210,17,17,500,1.0,0.001855251146480441
A210,17,17,600,1.0,0.0011337114265188575
A210,17,17,700,1.0,0.000779071357101202
A210,17,17,800,1.0,0.0005735680460929871
A210,17,17,900,1.0,0.0004419679753482342
A210,17,17,1000,1.0,0.0003518143785186112
A210,17,17,1100,1.0,0.0002869735180865973
A210,17,17,1200,1.0,0.00023859142675064504
A210,42,17,0,0.20839999616146088,1.7724769115447998
A210,42,17,100,0.30719998478889465,1.5018150806427002
A210,42,17,200,1.0,0.04797036573290825
A210,42,17,300,1.0,0.005287606734782457
A210,42,17,400,1.0,0.0023518125526607037
A210,42,17,500,1.0,0.0013691125204786658
A210,42,17,600,1.0,0.0009062536410056055
A210,42,17,700,1.0,0.0006475977133959532
A210,42,17,800,1.0,0.0004870272532571107
A210,42,17,900,1.0,0.00037993668229319155
A210,42,17,1000,1.0,0.00030468215118162334
A210,42,17,1100,1.0,0.00024964785552583635
A210,42,17,1200,1.0,0.00020811738795600832
A210,101,17,0,0.1995999962091446,1.777268886566162
A210,101,17,100,0.6223999857902527,0.9316995143890381
A210,101,17,200,0.9112000018358231,0.27337586879730225
A210,101,17,300,1.0,0.007863533683121204
A210,101,17,400,1.0,0.0027238784823566675
A210,101,17,500,1.0,0.0014974182704463601
A210,101,17,600,1.0,0.0009714586194604635
A210,101,17,700,1.0,0.000688973639626056
A210,101,17,800,1.0,0.0005169878131709993
A210,101,17,900,1.0,0.00040343208820559084
A210,101,17,1000,1.0,0.0003240479563828558
A210,101,17,1100,1.0,0.0002661349135451019
A210,101,17,1200,1.0,0.00022245525906328112
B121,17,17,0,0.19359999522566795,1.7711741924285889
B121,17,17,100,0.42159999161958694,1.1916937828063965
B121,17,17,200,0.5255999937653542,1.037034273147583
B121,17,17,300,0.7251999899744987,0.6769287586212158
B121,17,17,400,1.0,0.012171667069196701
B121,17,17,500,1.0,0.0028115028981119394
B121,17,17,600,1.0,0.0014794573653489351
B121,17,17,700,1.0,0.0009503744076937437
B121,17,17,800,1.0,0.0006740104872733355
B121,17,17,900,1.0,0.000507587508764118
B121,17,17,1000,1.0,0.0003980797773692757
B121,17,17,1100,1.0,0.00032149141770787537
B121,17,17,1200,1.0,0.00026547914603725076
B121,42,17,0,0.2035999931395054,1.7714593410491943
B121,42,17,100,0.5615999847650528,1.0457535982131958
B121,42,17,200,1.0,0.016598599031567574
B121,42,17,300,1.0,0.0027829783502966166
B121,42,17,400,1.0,0.0013977609341964126
B121,42,17,500,1.0,0.0008707608212716877
B121,42,17,600,1.0,0.0006037817220203578
B121,42,17,700,1.0,0.00044683885062113404
B121,42,17,800,1.0,0.0003455870901234448
B121,42,17,900,1.0,0.00027593356207944453
B121,42,17,1000,1.0,0.00022570374130737036
B121,42,17,1100,1.0,0.00018815186922438443
B121,42,17,1200,1.0,0.00015925898333080113
B121,101,17,0,0.1987999938428402,1.777567982673645
B121,101,17,100,0.452799990773201,1.1325504779815674
B121,101,17,200,0.6175999976694584,0.810981035232544
B121,101,17,300,0.6708000004291534,0.7027822136878967
B121,101,17,400,0.934799998998642,0.23495258390903473
B121,101,17,500,1.0,0.006189446896314621
B121,101,17,600,1.0,0.0024036429822444916
B121,101,17,700,1.0,0.0013899130281060934
B121,101,17,800,1.0,0.0009327877196483314
B121,101,17,900,1.0,0.0006786552257835865
B121,101,17,1000,1.0,0.0005197388818487525
B121,101,17,1100,1.0,0.0004124937404412776
B121,101,17,1200,1.0,0.00033610512036830187
A140,17,17,0,0.19519999250769615,1.7713727951049805
A140,17,17,100,0.41999999806284904,1.1954421997070312
A140,17,17,200,0.5139999985694885,1.04294753074646
A140,17,17,300,0.7927999943494797,0.5560173392295837
A140,17,17,400,1.0,0.006843168754130602
A140,17,17,500,1.0,0.0021956709679216146
A140,17,17,600,1.0,0.001208775327540934
A140,17,17,700,1.0,0.0007897400646470487
A140,17,17,800,1.0,0.0005644629709422588
A140,17,17,900,1.0,0.0004267290933057666
A140,17,17,1000,1.0,0.0003353139036335051
A140,17,17,1100,1.0,0.0002710566041059792
A140,17,17,1200,1.0,0.00022391958918888122
A140,42,17,0,0.20879999548196793,1.7728323936462402
A140,42,17,100,0.25759999454021454,1.5770734548568726
A140,42,17,200,0.842399999499321,0.41103237867355347
A140,42,17,300,1.0,0.017285045236349106
A140,42,17,400,1.0,0.004284441005438566
A140,42,17,500,1.0,0.002164127305150032
A140,42,17,600,1.0,0.0013472667196765542
A140,42,17,700,1.0,0.0009320306708104908
A140,42,17,800,1.0,0.0006875969120301306
A140,42,17,900,1.0,0.0005298469332046807
A140,42,17,1000,1.0,0.0004213759384583682
A140,42,17,1100,1.0,0.0003432326193433255
A140,42,17,1200,1.0,0.0002848984149750322
A140,101,17,0,0.19839999452233315,1.7774162292480469
A140,101,17,100,0.45639999583363533,1.132980227470398
A140,101,17,200,0.6527999937534332,0.7625970244407654
A140,101,17,300,0.9811999946832657,0.11280649155378342
A140,101,17,400,1.0,0.0038475014735013247
A140,101,17,500,1.0,0.001750083756633103
A140,101,17,600,1.0,0.0010568676516413689
A140,101,17,700,1.0,0.0007224689470604062
A140,101,17,800,1.0,0.0005305183003656566
A140,101,17,900,1.0,0.00040831990190781653
A140,101,17,1000,1.0,0.00032493917387910187
A140,101,17,1100,1.0,0.00026512661133892834
A140,101,17,1200,1.0,0.0002205682103522122
B211,17,17,0,0.19679999351501465,1.7714011669158936
B211,17,17,100,0.4115999974310398,1.1726300716400146
B211,17,17,200,0.619999997317791,0.8056285977363586
B211,17,17,300,0.8319999948143959,0.3923338055610657
B211,17,17,400,1.0,0.021405775099992752
B211,17,17,500,1.0,0.004364313557744026
B211,17,17,600,1.0,0.00218027550727129
B211,17,17,700,1.0,0.0013631702167913318
B211,17,17,800,1.0,0.0009499628213234246
B211,17,17,900,1.0,0.0007063531083986163
B211,17,17,1000,1.0,0.0005484845605678856
B211,17,17,1100,1.0,0.00043935232679359615
B211,17,17,1200,1.0,0.00036028309841640294
B211,42,17,0,0.20599999278783798,1.7735148668289185
B211,42,17,100,0.29599998891353607,1.5312625169754028
B211,42,17,200,1.0,0.06495890766382217
B211,42,17,300,1.0,0.006261220667511225
B211,42,17,400,1.0,0.0027970632072538137
B211,42,17,500,1.0,0.001638655667193234
B211,42,17,600,1.0,0.0010901750065386295
B211,42,17,700,1.0,0.0007820441969670355
B211,42,17,800,1.0,0.000589916598983109
B211,42,17,900,1.0,0.00046132307033985853
B211,42,17,1000,1.0,0.0003706886200234294
B211,42,17,1100,1.0,0.0003042474272660911
B211,42,17,1200,1.0,0.00025400170125067234
B211,101,17,0,0.20079999417066574,1.7773761749267578
B211,101,17,100,0.604799997061491,0.9439368844032288
B211,101,17,200,0.94200000166893,0.2257014364004135
B211,101,17,300,1.0,0.006974939722567797
B211,101,17,400,1.0,0.0026684810873121023
B211,101,17,500,1.0,0.0015034889802336693
B211,101,17,600,1.0,0.0009865707252174616
B211,101,17,700,1.0,0.0007043774821795523
B211,101,17,800,1.0,0.0005308905383571982
B211,101,17,900,1.0,0.0004156024951953441
B211,101,17,1000,1.0,0.0003346287121530622
B211,101,17,1100,1.0,0.0002753454027697444
B211,101,17,1200,1.0,0.00023051322204992175
