replicate,k,seed,lengths,fixed_weight,repetition_type,intermodel_cka,intermodel_cka_length_median,pool_a_self_initial_cka,pool_a_self_initial_cka_length_median,pool_b_self_initial_cka,pool_b_self_initial_cka_length_median,mean_self_initial_cka,mean_self_initial_cka_length_median
r0,1,17,29,1/29,source_seed_run,0.1715345550441623,0.06609539064666821,0.09946314489050542,0.04940368685361214,0.12685363485051646,0.06644726638268993,0.11315838987051094,0.05693266003799066
r0,2,17,29,1/29,source_seed_run,0.1423235566489056,0.04626370506884657,0.11959925652530219,0.06495090054502721,0.1787292781970919,0.1307284197607287,0.14916426736119703,0.09541544397077473
r0,4,17,29,1/29,source_seed_run,0.12240901571198491,0.06358455813937586,0.17637138894155047,0.1205708245931445,0.13997379759099177,0.07942765409039707,0.1581725932662711,0.09920767869637787
r0,8,17,29,1/29,source_seed_run,0.2139452935141751,0.1892523128312052,0.18478028591814336,0.1611750399550083,0.20161768177463152,0.14771745293197114,0.19319898384638742,0.15796146658731397
r0,16,17,29,1/29,source_seed_run,0.28698320721954296,0.2587810407966712,0.22051488870904046,0.1875370664929616,0.2222164767622286,0.17732316061027573,0.2213656827356345,0.1847161637625321
r1,1,42,29,1/29,source_seed_run,0.08953335646355627,0.04760211376457777,0.07833102942734653,0.03469097348741295,0.07742762278152007,0.036455383918051636,0.07787932610443331,0.03712813601938041
r1,2,42,29,1/29,source_seed_run,0.09224915744382907,0.03541648503550093,0.11104729611642243,0.07563336933776947,0.12765366617628118,0.07838710505027584,0.11935048114635177,0.07486305615021022
r1,4,42,29,1/29,source_seed_run,0.07517981154992547,0.030312834578026155,0.09166198816723103,0.04859385702118533,0.1618810549225114,0.10005810744867771,0.12677152154487123,0.07747126740163691
r1,8,42,29,1/29,source_seed_run,0.26061632341093416,0.2231175437773735,0.19840320169717393,0.16372660387334834,0.18559837849981442,0.134471883216718,0.19200079009849425,0.15045879928642725
r1,16,42,29,1/29,source_seed_run,0.15300555971923635,0.12521247947843508,0.19984726618556847,0.14682683353896975,0.1399822965106792,0.11918850304388945,0.16991478134812385,0.1267646086419908
r2,1,101,29,1/29,source_seed_run,0.12539080481445047,0.07154104496372542,0.06499972834271218,0.03006929584574956,0.1039329305451644,0.05130853996526211,0.08446632944393831,0.042530578994390486
r2,2,101,29,1/29,source_seed_run,0.09999081155392611,0.04268667168690083,0.10412304001752083,0.05636001138510591,0.17498378299762318,0.11674351192153291,0.139553411507572,0.08507040096137129
r2,4,101,29,1/29,source_seed_run,0.12926433981541954,0.08281934562500975,0.14055316114217106,0.10031427069383544,0.1945434764808352,0.1515184998787245,0.16754831881150314,0.12114121456098975
r2,8,101,29,1/29,source_seed_run,0.19792053240121224,0.14966737746342523,0.1791837918994481,0.14969100963043588,0.21303348987066156,0.13310163898600144,0.1961086408850548,0.14127845364627822
r2,16,101,29,1/29,source_seed_run,0.21591680237822697,0.1442626774194353,0.21284716149043464,0.1565481316631061,0.20079861247205597,0.12237317121194234,0.2068228869812453,0.131162634701168
r3,1,17,29,1/29,subset_sensitivity_fixed_seed17,0.14747790010261588,0.09010386886474422,0.14922021180732334,0.0689736640908493,0.17488013973336233,0.10537826522923402,0.1620501757703428,0.0869386106512224
r3,2,17,29,1/29,subset_sensitivity_fixed_seed17,0.15931143105687262,0.09840113096646907,0.16008655094482444,0.10422216311899049,0.1733210489025708,0.10202414591797489,0.16670379992369763,0.10000566976536235
r3,4,17,29,1/29,subset_sensitivity_fixed_seed17,0.09221448943010567,0.04308132160797914,0.10481241496434733,0.05668428413757386,0.17479516320806937,0.09473111558788114,0.13980378908620833,0.07924988800937555
r3,8,17,29,1/29,subset_sensitivity_fixed_seed17,0.15026475329483913,0.07972221755765427,0.22952632772654089,0.17365766902248614,0.23752731643248098,0.22842291048289382,0.23352682207951092,0.19920982994065647
r3,16,17,29,1/29,subset_sensitivity_fixed_seed17,0.20654540627659201,0.17221173812961074,0.20305806008015578,0.18519814675291296,0.2555093527003026,0.2173581394937929,0.2292837063902292,0.2105229297914179
r4,1,17,29,1/29,subset_sensitivity_fixed_seed17,0.07349097213773115,0.02233855544078297,0.0901784516820918,0.04830377187722334,0.0929075301351889,0.05160720451431908,0.09154299090864039,0.050170352924203826
r4,2,17,29,1/29,subset_sensitivity_fixed_seed17,0.12098717517596923,0.039341022857076795,0.1336805886526114,0.08498667333567611,0.13279313911618765,0.075736804433294,0.1332368638843995,0.08863934373629416
r4,4,17,29,1/29,subset_sensitivity_fixed_seed17,0.14937671091645896,0.08799300366344143,0.17935380519734404,0.12101764389514244,0.1734512811834034,0.11112693460194412,0.17640254319037374,0.12078731464380392
r4,8,17,29,1/29,subset_sensitivity_fixed_seed17,0.1776660306252447,0.12506737048698352,0.238097210110425,0.20060707021547455,0.18428968736686643,0.11816466651817359,0.2111934487386457,0.15938586836682406
r4,16,17,29,1/29,subset_sensitivity_fixed_seed17,0.2474449070658626,0.23524876991263913,0.205031000255243,0.1589196858884554,0.23209694067645667,0.19448451053647947,0.21856397046584977,0.16539163835672577
