replicate,k,seed,anchors,intermodel_cka,pool_a_self_initial_cka,pool_b_self_initial_cka
r0,1,17,4096,0.22384582077792706,0.20356191632613205,0.2982306852846207
r0,2,17,4096,0.3303524888153667,0.39898764118687835,0.5088801486408195
r0,4,17,4096,0.3192263593511833,0.6864749655655842,0.43136790068405695
r0,8,17,4096,0.803335616609801,0.7520581739669189,0.7288258937523548
r0,16,17,4096,0.4327955508771077,0.4332345739354035,0.7927077936569236
r1,1,42,4096,0.2053353694163052,0.4978285875675494,0.375511588482519
r1,2,42,4096,0.12282861731584725,0.6076063111737016,0.17221936974380492
r1,4,42,4096,0.162158002790043,0.5128789767830696,0.2680819297358017
r1,8,42,4096,0.6738280745041706,0.6720718969049768,0.7122022730818944
r1,16,42,4096,0.387883754584869,0.6637701323087751,0.30382704673664207
r2,1,101,4096,0.08775865416802138,0.35017151580390526,0.27131973233970313
r2,2,101,4096,0.12269071005500834,0.2146636610796403,0.3423323499304806
r2,4,101,4096,0.15689784555031355,0.20421100967414055,0.4269012147104507
r2,8,101,4096,0.3799590969042832,0.38930596644344195,0.7104423874134581
r2,16,101,4096,0.6676647264906224,0.7786069621756331,0.5954851824733334
r3,1,17,4096,0.07302908225669855,0.27442409210698165,0.2115725609077969
r3,2,17,4096,0.11537319700007398,0.5853509660173887,0.19204966710639162
r3,4,17,4096,0.13489909277509024,0.6238442033141652,0.11016605691633545
r3,8,17,4096,0.6327657750857499,0.6756207086582711,0.7434013444132921
r3,16,17,4096,0.7911995002131573,0.7474756909933584,0.7297667684782466
r4,1,17,4096,0.004875043041256784,0.2706996821119174,0.013208161437654927
r4,2,17,4096,0.08000672931611065,0.16481757694569968,0.24328374549583404
r4,4,17,4096,0.4528389143556582,0.7124918729197163,0.47465844253503775
r4,8,17,4096,0.4957524389083803,0.5876931592513744,0.5578594445398997
r4,16,17,4096,0.5772901488129261,0.5902897538546846,0.770738169707747
