replicate,seed,k,comparison,metric,defined_lengths,planned_lengths,fixed_weight,fixed_length_mean,repetition_type
r0,17,1,between_pools,linear_cka,28,29,1/29;complete29 required,,source_seed
r0,17,1,between_pools,debiased_cka,28,29,1/29;complete29 required,,source_seed
r0,17,1,between_pools,knn_overlap,28,29,1/29;complete29 required,,source_seed
r0,17,1,between_pools,procrustes,27,29,1/29;complete29 required,,source_seed
r0,17,1,pool_a_own_initial,linear_cka,28,29,1/29;complete29 required,,source_seed
r0,17,1,pool_a_own_initial,debiased_cka,28,29,1/29;complete29 required,,source_seed
r0,17,1,pool_a_own_initial,knn_overlap,28,29,1/29;complete29 required,,source_seed
r0,17,1,pool_a_own_initial,procrustes,27,29,1/29;complete29 required,,source_seed
r0,17,1,pool_b_own_initial,linear_cka,28,29,1/29;complete29 required,,source_seed
r0,17,1,pool_b_own_initial,debiased_cka,28,29,1/29;complete29 required,,source_seed
r0,17,1,pool_b_own_initial,knn_overlap,28,29,1/29;complete29 required,,source_seed
r0,17,1,pool_b_own_initial,procrustes,27,29,1/29;complete29 required,,source_seed
r0,17,2,between_pools,linear_cka,28,29,1/29;complete29 required,,source_seed
r0,17,2,between_pools,debiased_cka,28,29,1/29;complete29 required,,source_seed
r0,17,2,between_pools,knn_overlap,28,29,1/29;complete29 required,,source_seed
r0,17,2,between_pools,procrustes,27,29,1/29;complete29 required,,source_seed
r0,17,2,pool_a_own_initial,linear_cka,28,29,1/29;complete29 required,,source_seed
r0,17,2,pool_a_own_initial,debiased_cka,28,29,1/29;complete29 required,,source_seed
r0,17,2,pool_a_own_initial,knn_overlap,28,29,1/29;complete29 required,,source_seed
r0,17,2,pool_a_own_initial,procrustes,27,29,1/29;complete29 required,,source_seed
r0,17,2,pool_b_own_initial,linear_cka,28,29,1/29;complete29 required,,source_seed
r0,17,2,pool_b_own_initial,debiased_cka,28,29,1/29;complete29 required,,source_seed
r0,17,2,pool_b_own_initial,knn_overlap,28,29,1/29;complete29 required,,source_seed
r0,17,2,pool_b_own_initial,procrustes,27,29,1/29;complete29 required,,source_seed
r0,17,4,between_pools,linear_cka,28,29,1/29;complete29 required,,source_seed
r0,17,4,between_pools,debiased_cka,28,29,1/29;complete29 required,,source_seed
r0,17,4,between_pools,knn_overlap,28,29,1/29;complete29 required,,source_seed
r0,17,4,between_pools,procrustes,27,29,1/29;complete29 required,,source_seed
r0,17,4,pool_a_own_initial,linear_cka,28,29,1/29;complete29 required,,source_seed
r0,17,4,pool_a_own_initial,debiased_cka,28,29,1/29;complete29 required,,source_seed
r0,17,4,pool_a_own_initial,knn_overlap,28,29,1/29;complete29 required,,source_seed
r0,17,4,pool_a_own_initial,procrustes,27,29,1/29;complete29 required,,source_seed
r0,17,4,pool_b_own_initial,linear_cka,28,29,1/29;complete29 required,,source_seed
r0,17,4,pool_b_own_initial,debiased_cka,28,29,1/29;complete29 required,,source_seed
r0,17,4,pool_b_own_initial,knn_overlap,28,29,1/29;complete29 required,,source_seed
r0,17,4,pool_b_own_initial,procrustes,27,29,1/29;complete29 required,,source_seed
r0,17,8,between_pools,linear_cka,28,29,1/29;complete29 required,,source_seed
r0,17,8,between_pools,debiased_cka,28,29,1/29;complete29 required,,source_seed
r0,17,8,between_pools,knn_overlap,28,29,1/29;complete29 required,,source_seed
r0,17,8,between_pools,procrustes,27,29,1/29;complete29 required,,source_seed
r0,17,8,pool_a_own_initial,linear_cka,28,29,1/29;complete29 required,,source_seed
r0,17,8,pool_a_own_initial,debiased_cka,28,29,1/29;complete29 required,,source_seed
r0,17,8,pool_a_own_initial,knn_overlap,28,29,1/29;complete29 required,,source_seed
r0,17,8,pool_a_own_initial,procrustes,27,29,1/29;complete29 required,,source_seed
r0,17,8,pool_b_own_initial,linear_cka,28,29,1/29;complete29 required,,source_seed
r0,17,8,pool_b_own_initial,debiased_cka,28,29,1/29;complete29 required,,source_seed
r0,17,8,pool_b_own_initial,knn_overlap,28,29,1/29;complete29 required,,source_seed
r0,17,8,pool_b_own_initial,procrustes,27,29,1/29;complete29 required,,source_seed
r0,17,16,between_pools,linear_cka,28,29,1/29;complete29 required,,source_seed
r0,17,16,between_pools,debiased_cka,28,29,1/29;complete29 required,,source_seed
r0,17,16,between_pools,knn_overlap,28,29,1/29;complete29 required,,source_seed
r0,17,16,between_pools,procrustes,27,29,1/29;complete29 required,,source_seed
r0,17,16,pool_a_own_initial,linear_cka,28,29,1/29;complete29 required,,source_seed
r0,17,16,pool_a_own_initial,debiased_cka,28,29,1/29;complete29 required,,source_seed
r0,17,16,pool_a_own_initial,knn_overlap,28,29,1/29;complete29 required,,source_seed
r0,17,16,pool_a_own_initial,procrustes,27,29,1/29;complete29 required,,source_seed
r0,17,16,pool_b_own_initial,linear_cka,28,29,1/29;complete29 required,,source_seed
r0,17,16,pool_b_own_initial,debiased_cka,28,29,1/29;complete29 required,,source_seed
r0,17,16,pool_b_own_initial,knn_overlap,28,29,1/29;complete29 required,,source_seed
r0,17,16,pool_b_own_initial,procrustes,27,29,1/29;complete29 required,,source_seed
r1,42,1,between_pools,linear_cka,28,29,1/29;complete29 required,,source_seed
r1,42,1,between_pools,debiased_cka,28,29,1/29;complete29 required,,source_seed
r1,42,1,between_pools,knn_overlap,28,29,1/29;complete29 required,,source_seed
r1,42,1,between_pools,procrustes,27,29,1/29;complete29 required,,source_seed
r1,42,1,pool_a_own_initial,linear_cka,28,29,1/29;complete29 required,,source_seed
r1,42,1,pool_a_own_initial,debiased_cka,28,29,1/29;complete29 required,,source_seed
r1,42,1,pool_a_own_initial,knn_overlap,28,29,1/29;complete29 required,,source_seed
r1,42,1,pool_a_own_initial,procrustes,27,29,1/29;complete29 required,,source_seed
r1,42,1,pool_b_own_initial,linear_cka,28,29,1/29;complete29 required,,source_seed
r1,42,1,pool_b_own_initial,debiased_cka,28,29,1/29;complete29 required,,source_seed
r1,42,1,pool_b_own_initial,knn_overlap,28,29,1/29;complete29 required,,source_seed
r1,42,1,pool_b_own_initial,procrustes,27,29,1/29;complete29 required,,source_seed
r1,42,2,between_pools,linear_cka,28,29,1/29;complete29 required,,source_seed
r1,42,2,between_pools,debiased_cka,28,29,1/29;complete29 required,,source_seed
r1,42,2,between_pools,knn_overlap,28,29,1/29;complete29 required,,source_seed
r1,42,2,between_pools,procrustes,27,29,1/29;complete29 required,,source_seed
r1,42,2,pool_a_own_initial,linear_cka,28,29,1/29;complete29 required,,source_seed
r1,42,2,pool_a_own_initial,debiased_cka,28,29,1/29;complete29 required,,source_seed
r1,42,2,pool_a_own_initial,knn_overlap,28,29,1/29;complete29 required,,source_seed
r1,42,2,pool_a_own_initial,procrustes,27,29,1/29;complete29 required,,source_seed
r1,42,2,pool_b_own_initial,linear_cka,28,29,1/29;complete29 required,,source_seed
r1,42,2,pool_b_own_initial,debiased_cka,28,29,1/29;complete29 required,,source_seed
r1,42,2,pool_b_own_initial,knn_overlap,28,29,1/29;complete29 required,,source_seed
r1,42,2,pool_b_own_initial,procrustes,27,29,1/29;complete29 required,,source_seed
r1,42,4,between_pools,linear_cka,28,29,1/29;complete29 required,,source_seed
r1,42,4,between_pools,debiased_cka,28,29,1/29;complete29 required,,source_seed
r1,42,4,between_pools,knn_overlap,28,29,1/29;complete29 required,,source_seed
r1,42,4,between_pools,procrustes,27,29,1/29;complete29 required,,source_seed
r1,42,4,pool_a_own_initial,linear_cka,28,29,1/29;complete29 required,,source_seed
r1,42,4,pool_a_own_initial,debiased_cka,28,29,1/29;complete29 required,,source_seed
r1,42,4,pool_a_own_initial,knn_overlap,28,29,1/29;complete29 required,,source_seed
r1,42,4,pool_a_own_initial,procrustes,27,29,1/29;complete29 required,,source_seed
r1,42,4,pool_b_own_initial,linear_cka,28,29,1/29;complete29 required,,source_seed
r1,42,4,pool_b_own_initial,debiased_cka,28,29,1/29;complete29 required,,source_seed
r1,42,4,pool_b_own_initial,knn_overlap,28,29,1/29;complete29 required,,source_seed
r1,42,4,pool_b_own_initial,procrustes,27,29,1/29;complete29 required,,source_seed
r1,42,8,between_pools,linear_cka,28,29,1/29;complete29 required,,source_seed
r1,42,8,between_pools,debiased_cka,28,29,1/29;complete29 required,,source_seed
r1,42,8,between_pools,knn_overlap,28,29,1/29;complete29 required,,source_seed
r1,42,8,between_pools,procrustes,27,29,1/29;complete29 required,,source_seed
r1,42,8,pool_a_own_initial,linear_cka,28,29,1/29;complete29 required,,source_seed
r1,42,8,pool_a_own_initial,debiased_cka,28,29,1/29;complete29 required,,source_seed
r1,42,8,pool_a_own_initial,knn_overlap,28,29,1/29;complete29 required,,source_seed
r1,42,8,pool_a_own_initial,procrustes,27,29,1/29;complete29 required,,source_seed
r1,42,8,pool_b_own_initial,linear_cka,28,29,1/29;complete29 required,,source_seed
r1,42,8,pool_b_own_initial,debiased_cka,28,29,1/29;complete29 required,,source_seed
r1,42,8,pool_b_own_initial,knn_overlap,28,29,1/29;complete29 required,,source_seed
r1,42,8,pool_b_own_initial,procrustes,27,29,1/29;complete29 required,,source_seed
r1,42,16,between_pools,linear_cka,28,29,1/29;complete29 required,,source_seed
r1,42,16,between_pools,debiased_cka,28,29,1/29;complete29 required,,source_seed
r1,42,16,between_pools,knn_overlap,28,29,1/29;complete29 required,,source_seed
r1,42,16,between_pools,procrustes,27,29,1/29;complete29 required,,source_seed
r1,42,16,pool_a_own_initial,linear_cka,28,29,1/29;complete29 required,,source_seed
r1,42,16,pool_a_own_initial,debiased_cka,28,29,1/29;complete29 required,,source_seed
r1,42,16,pool_a_own_initial,knn_overlap,28,29,1/29;complete29 required,,source_seed
r1,42,16,pool_a_own_initial,procrustes,27,29,1/29;complete29 required,,source_seed
r1,42,16,pool_b_own_initial,linear_cka,28,29,1/29;complete29 required,,source_seed
r1,42,16,pool_b_own_initial,debiased_cka,28,29,1/29;complete29 required,,source_seed
r1,42,16,pool_b_own_initial,knn_overlap,28,29,1/29;complete29 required,,source_seed
r1,42,16,pool_b_own_initial,procrustes,27,29,1/29;complete29 required,,source_seed
r2,101,1,between_pools,linear_cka,28,29,1/29;complete29 required,,source_seed
r2,101,1,between_pools,debiased_cka,28,29,1/29;complete29 required,,source_seed
r2,101,1,between_pools,knn_overlap,28,29,1/29;complete29 required,,source_seed
r2,101,1,between_pools,procrustes,27,29,1/29;complete29 required,,source_seed
r2,101,1,pool_a_own_initial,linear_cka,28,29,1/29;complete29 required,,source_seed
r2,101,1,pool_a_own_initial,debiased_cka,28,29,1/29;complete29 required,,source_seed
r2,101,1,pool_a_own_initial,knn_overlap,28,29,1/29;complete29 required,,source_seed
r2,101,1,pool_a_own_initial,procrustes,27,29,1/29;complete29 required,,source_seed
r2,101,1,pool_b_own_initial,linear_cka,28,29,1/29;complete29 required,,source_seed
r2,101,1,pool_b_own_initial,debiased_cka,28,29,1/29;complete29 required,,source_seed
r2,101,1,pool_b_own_initial,knn_overlap,28,29,1/29;complete29 required,,source_seed
r2,101,1,pool_b_own_initial,procrustes,27,29,1/29;complete29 required,,source_seed
r2,101,2,between_pools,linear_cka,28,29,1/29;complete29 required,,source_seed
r2,101,2,between_pools,debiased_cka,28,29,1/29;complete29 required,,source_seed
r2,101,2,between_pools,knn_overlap,28,29,1/29;complete29 required,,source_seed
r2,101,2,between_pools,procrustes,27,29,1/29;complete29 required,,source_seed
r2,101,2,pool_a_own_initial,linear_cka,28,29,1/29;complete29 required,,source_seed
r2,101,2,pool_a_own_initial,debiased_cka,28,29,1/29;complete29 required,,source_seed
r2,101,2,pool_a_own_initial,knn_overlap,28,29,1/29;complete29 required,,source_seed
r2,101,2,pool_a_own_initial,procrustes,27,29,1/29;complete29 required,,source_seed
r2,101,2,pool_b_own_initial,linear_cka,28,29,1/29;complete29 required,,source_seed
r2,101,2,pool_b_own_initial,debiased_cka,28,29,1/29;complete29 required,,source_seed
r2,101,2,pool_b_own_initial,knn_overlap,28,29,1/29;complete29 required,,source_seed
r2,101,2,pool_b_own_initial,procrustes,27,29,1/29;complete29 required,,source_seed
r2,101,4,between_pools,linear_cka,28,29,1/29;complete29 required,,source_seed
r2,101,4,between_pools,debiased_cka,28,29,1/29;complete29 required,,source_seed
r2,101,4,between_pools,knn_overlap,28,29,1/29;complete29 required,,source_seed
r2,101,4,between_pools,procrustes,27,29,1/29;complete29 required,,source_seed
r2,101,4,pool_a_own_initial,linear_cka,28,29,1/29;complete29 required,,source_seed
r2,101,4,pool_a_own_initial,debiased_cka,28,29,1/29;complete29 required,,source_seed
r2,101,4,pool_a_own_initial,knn_overlap,28,29,1/29;complete29 required,,source_seed
r2,101,4,pool_a_own_initial,procrustes,27,29,1/29;complete29 required,,source_seed
r2,101,4,pool_b_own_initial,linear_cka,28,29,1/29;complete29 required,,source_seed
r2,101,4,pool_b_own_initial,debiased_cka,28,29,1/29;complete29 required,,source_seed
r2,101,4,pool_b_own_initial,knn_overlap,28,29,1/29;complete29 required,,source_seed
r2,101,4,pool_b_own_initial,procrustes,27,29,1/29;complete29 required,,source_seed
r2,101,8,between_pools,linear_cka,28,29,1/29;complete29 required,,source_seed
r2,101,8,between_pools,debiased_cka,28,29,1/29;complete29 required,,source_seed
r2,101,8,between_pools,knn_overlap,28,29,1/29;complete29 required,,source_seed
r2,101,8,between_pools,procrustes,27,29,1/29;complete29 required,,source_seed
r2,101,8,pool_a_own_initial,linear_cka,28,29,1/29;complete29 required,,source_seed
r2,101,8,pool_a_own_initial,debiased_cka,28,29,1/29;complete29 required,,source_seed
r2,101,8,pool_a_own_initial,knn_overlap,28,29,1/29;complete29 required,,source_seed
r2,101,8,pool_a_own_initial,procrustes,27,29,1/29;complete29 required,,source_seed
r2,101,8,pool_b_own_initial,linear_cka,28,29,1/29;complete29 required,,source_seed
r2,101,8,pool_b_own_initial,debiased_cka,28,29,1/29;complete29 required,,source_seed
r2,101,8,pool_b_own_initial,knn_overlap,28,29,1/29;complete29 required,,source_seed
r2,101,8,pool_b_own_initial,procrustes,27,29,1/29;complete29 required,,source_seed
r2,101,16,between_pools,linear_cka,28,29,1/29;complete29 required,,source_seed
r2,101,16,between_pools,debiased_cka,28,29,1/29;complete29 required,,source_seed
r2,101,16,between_pools,knn_overlap,28,29,1/29;complete29 required,,source_seed
r2,101,16,between_pools,procrustes,27,29,1/29;complete29 required,,source_seed
r2,101,16,pool_a_own_initial,linear_cka,28,29,1/29;complete29 required,,source_seed
r2,101,16,pool_a_own_initial,debiased_cka,28,29,1/29;complete29 required,,source_seed
r2,101,16,pool_a_own_initial,knn_overlap,28,29,1/29;complete29 required,,source_seed
r2,101,16,pool_a_own_initial,procrustes,27,29,1/29;complete29 required,,source_seed
r2,101,16,pool_b_own_initial,linear_cka,28,29,1/29;complete29 required,,source_seed
r2,101,16,pool_b_own_initial,debiased_cka,28,29,1/29;complete29 required,,source_seed
r2,101,16,pool_b_own_initial,knn_overlap,28,29,1/29;complete29 required,,source_seed
r2,101,16,pool_b_own_initial,procrustes,27,29,1/29;complete29 required,,source_seed
r3,17,1,between_pools,linear_cka,28,29,1/29;complete29 required,,task_subset_same_seed17
r3,17,1,between_pools,debiased_cka,28,29,1/29;complete29 required,,task_subset_same_seed17
r3,17,1,between_pools,knn_overlap,28,29,1/29;complete29 required,,task_subset_same_seed17
r3,17,1,between_pools,procrustes,27,29,1/29;complete29 required,,task_subset_same_seed17
r3,17,1,pool_a_own_initial,linear_cka,28,29,1/29;complete29 required,,task_subset_same_seed17
r3,17,1,pool_a_own_initial,debiased_cka,28,29,1/29;complete29 required,,task_subset_same_seed17
r3,17,1,pool_a_own_initial,knn_overlap,28,29,1/29;complete29 required,,task_subset_same_seed17
r3,17,1,pool_a_own_initial,procrustes,27,29,1/29;complete29 required,,task_subset_same_seed17
r3,17,1,pool_b_own_initial,linear_cka,28,29,1/29;complete29 required,,task_subset_same_seed17
r3,17,1,pool_b_own_initial,debiased_cka,28,29,1/29;complete29 required,,task_subset_same_seed17
r3,17,1,pool_b_own_initial,knn_overlap,28,29,1/29;complete29 required,,task_subset_same_seed17
r3,17,1,pool_b_own_initial,procrustes,27,29,1/29;complete29 required,,task_subset_same_seed17
r3,17,2,between_pools,linear_cka,28,29,1/29;complete29 required,,task_subset_same_seed17
r3,17,2,between_pools,debiased_cka,28,29,1/29;complete29 required,,task_subset_same_seed17
r3,17,2,between_pools,knn_overlap,28,29,1/29;complete29 required,,task_subset_same_seed17
r3,17,2,between_pools,procrustes,27,29,1/29;complete29 required,,task_subset_same_seed17
r3,17,2,pool_a_own_initial,linear_cka,28,29,1/29;complete29 required,,task_subset_same_seed17
r3,17,2,pool_a_own_initial,debiased_cka,28,29,1/29;complete29 required,,task_subset_same_seed17
r3,17,2,pool_a_own_initial,knn_overlap,28,29,1/29;complete29 required,,task_subset_same_seed17
r3,17,2,pool_a_own_initial,procrustes,27,29,1/29;complete29 required,,task_subset_same_seed17
r3,17,2,pool_b_own_initial,linear_cka,28,29,1/29;complete29 required,,task_subset_same_seed17
r3,17,2,pool_b_own_initial,debiased_cka,28,29,1/29;complete29 required,,task_subset_same_seed17
r3,17,2,pool_b_own_initial,knn_overlap,28,29,1/29;complete29 required,,task_subset_same_seed17
r3,17,2,pool_b_own_initial,procrustes,27,29,1/29;complete29 required,,task_subset_same_seed17
r3,17,4,between_pools,linear_cka,28,29,1/29;complete29 required,,task_subset_same_seed17
r3,17,4,between_pools,debiased_cka,28,29,1/29;complete29 required,,task_subset_same_seed17
r3,17,4,between_pools,knn_overlap,28,29,1/29;complete29 required,,task_subset_same_seed17
r3,17,4,between_pools,procrustes,27,29,1/29;complete29 required,,task_subset_same_seed17
r3,17,4,pool_a_own_initial,linear_cka,28,29,1/29;complete29 required,,task_subset_same_seed17
r3,17,4,pool_a_own_initial,debiased_cka,28,29,1/29;complete29 required,,task_subset_same_seed17
r3,17,4,pool_a_own_initial,knn_overlap,28,29,1/29;complete29 required,,task_subset_same_seed17
r3,17,4,pool_a_own_initial,procrustes,27,29,1/29;complete29 required,,task_subset_same_seed17
r3,17,4,pool_b_own_initial,linear_cka,28,29,1/29;complete29 required,,task_subset_same_seed17
r3,17,4,pool_b_own_initial,debiased_cka,28,29,1/29;complete29 required,,task_subset_same_seed17
r3,17,4,pool_b_own_initial,knn_overlap,28,29,1/29;complete29 required,,task_subset_same_seed17
r3,17,4,pool_b_own_initial,procrustes,27,29,1/29;complete29 required,,task_subset_same_seed17
r3,17,8,between_pools,linear_cka,28,29,1/29;complete29 required,,task_subset_same_seed17
r3,17,8,between_pools,debiased_cka,28,29,1/29;complete29 required,,task_subset_same_seed17
r3,17,8,between_pools,knn_overlap,28,29,1/29;complete29 required,,task_subset_same_seed17
r3,17,8,between_pools,procrustes,27,29,1/29;complete29 required,,task_subset_same_seed17
r3,17,8,pool_a_own_initial,linear_cka,28,29,1/29;complete29 required,,task_subset_same_seed17
r3,17,8,pool_a_own_initial,debiased_cka,28,29,1/29;complete29 required,,task_subset_same_seed17
r3,17,8,pool_a_own_initial,knn_overlap,28,29,1/29;complete29 required,,task_subset_same_seed17
r3,17,8,pool_a_own_initial,procrustes,27,29,1/29;complete29 required,,task_subset_same_seed17
r3,17,8,pool_b_own_initial,linear_cka,28,29,1/29;complete29 required,,task_subset_same_seed17
r3,17,8,pool_b_own_initial,debiased_cka,28,29,1/29;complete29 required,,task_subset_same_seed17
r3,17,8,pool_b_own_initial,knn_overlap,28,29,1/29;complete29 required,,task_subset_same_seed17
r3,17,8,pool_b_own_initial,procrustes,27,29,1/29;complete29 required,,task_subset_same_seed17
r3,17,16,between_pools,linear_cka,28,29,1/29;complete29 required,,task_subset_same_seed17
r3,17,16,between_pools,debiased_cka,28,29,1/29;complete29 required,,task_subset_same_seed17
r3,17,16,between_pools,knn_overlap,28,29,1/29;complete29 required,,task_subset_same_seed17
r3,17,16,between_pools,procrustes,27,29,1/29;complete29 required,,task_subset_same_seed17
r3,17,16,pool_a_own_initial,linear_cka,28,29,1/29;complete29 required,,task_subset_same_seed17
r3,17,16,pool_a_own_initial,debiased_cka,28,29,1/29;complete29 required,,task_subset_same_seed17
r3,17,16,pool_a_own_initial,knn_overlap,28,29,1/29;complete29 required,,task_subset_same_seed17
r3,17,16,pool_a_own_initial,procrustes,27,29,1/29;complete29 required,,task_subset_same_seed17
r3,17,16,pool_b_own_initial,linear_cka,28,29,1/29;complete29 required,,task_subset_same_seed17
r3,17,16,pool_b_own_initial,debiased_cka,28,29,1/29;complete29 required,,task_subset_same_seed17
r3,17,16,pool_b_own_initial,knn_overlap,28,29,1/29;complete29 required,,task_subset_same_seed17
r3,17,16,pool_b_own_initial,procrustes,27,29,1/29;complete29 required,,task_subset_same_seed17
r4,17,1,between_pools,linear_cka,28,29,1/29;complete29 required,,task_subset_same_seed17
r4,17,1,between_pools,debiased_cka,28,29,1/29;complete29 required,,task_subset_same_seed17
r4,17,1,between_pools,knn_overlap,28,29,1/29;complete29 required,,task_subset_same_seed17
r4,17,1,between_pools,procrustes,27,29,1/29;complete29 required,,task_subset_same_seed17
r4,17,1,pool_a_own_initial,linear_cka,28,29,1/29;complete29 required,,task_subset_same_seed17
r4,17,1,pool_a_own_initial,debiased_cka,28,29,1/29;complete29 required,,task_subset_same_seed17
r4,17,1,pool_a_own_initial,knn_overlap,28,29,1/29;complete29 required,,task_subset_same_seed17
r4,17,1,pool_a_own_initial,procrustes,27,29,1/29;complete29 required,,task_subset_same_seed17
r4,17,1,pool_b_own_initial,linear_cka,28,29,1/29;complete29 required,,task_subset_same_seed17
r4,17,1,pool_b_own_initial,debiased_cka,28,29,1/29;complete29 required,,task_subset_same_seed17
r4,17,1,pool_b_own_initial,knn_overlap,28,29,1/29;complete29 required,,task_subset_same_seed17
r4,17,1,pool_b_own_initial,procrustes,27,29,1/29;complete29 required,,task_subset_same_seed17
r4,17,2,between_pools,linear_cka,28,29,1/29;complete29 required,,task_subset_same_seed17
r4,17,2,between_pools,debiased_cka,28,29,1/29;complete29 required,,task_subset_same_seed17
r4,17,2,between_pools,knn_overlap,28,29,1/29;complete29 required,,task_subset_same_seed17
r4,17,2,between_pools,procrustes,27,29,1/29;complete29 required,,task_subset_same_seed17
r4,17,2,pool_a_own_initial,linear_cka,28,29,1/29;complete29 required,,task_subset_same_seed17
r4,17,2,pool_a_own_initial,debiased_cka,28,29,1/29;complete29 required,,task_subset_same_seed17
r4,17,2,pool_a_own_initial,knn_overlap,28,29,1/29;complete29 required,,task_subset_same_seed17
r4,17,2,pool_a_own_initial,procrustes,27,29,1/29;complete29 required,,task_subset_same_seed17
r4,17,2,pool_b_own_initial,linear_cka,28,29,1/29;complete29 required,,task_subset_same_seed17
r4,17,2,pool_b_own_initial,debiased_cka,28,29,1/29;complete29 required,,task_subset_same_seed17
r4,17,2,pool_b_own_initial,knn_overlap,28,29,1/29;complete29 required,,task_subset_same_seed17
r4,17,2,pool_b_own_initial,procrustes,27,29,1/29;complete29 required,,task_subset_same_seed17
r4,17,4,between_pools,linear_cka,28,29,1/29;complete29 required,,task_subset_same_seed17
r4,17,4,between_pools,debiased_cka,28,29,1/29;complete29 required,,task_subset_same_seed17
r4,17,4,between_pools,knn_overlap,28,29,1/29;complete29 required,,task_subset_same_seed17
r4,17,4,between_pools,procrustes,27,29,1/29;complete29 required,,task_subset_same_seed17
r4,17,4,pool_a_own_initial,linear_cka,28,29,1/29;complete29 required,,task_subset_same_seed17
r4,17,4,pool_a_own_initial,debiased_cka,28,29,1/29;complete29 required,,task_subset_same_seed17
r4,17,4,pool_a_own_initial,knn_overlap,28,29,1/29;complete29 required,,task_subset_same_seed17
r4,17,4,pool_a_own_initial,procrustes,27,29,1/29;complete29 required,,task_subset_same_seed17
r4,17,4,pool_b_own_initial,linear_cka,28,29,1/29;complete29 required,,task_subset_same_seed17
r4,17,4,pool_b_own_initial,debiased_cka,28,29,1/29;complete29 required,,task_subset_same_seed17
r4,17,4,pool_b_own_initial,knn_overlap,28,29,1/29;complete29 required,,task_subset_same_seed17
r4,17,4,pool_b_own_initial,procrustes,27,29,1/29;complete29 required,,task_subset_same_seed17
r4,17,8,between_pools,linear_cka,28,29,1/29;complete29 required,,task_subset_same_seed17
r4,17,8,between_pools,debiased_cka,28,29,1/29;complete29 required,,task_subset_same_seed17
r4,17,8,between_pools,knn_overlap,28,29,1/29;complete29 required,,task_subset_same_seed17
r4,17,8,between_pools,procrustes,27,29,1/29;complete29 required,,task_subset_same_seed17
r4,17,8,pool_a_own_initial,linear_cka,28,29,1/29;complete29 required,,task_subset_same_seed17
r4,17,8,pool_a_own_initial,debiased_cka,28,29,1/29;complete29 required,,task_subset_same_seed17
r4,17,8,pool_a_own_initial,knn_overlap,28,29,1/29;complete29 required,,task_subset_same_seed17
r4,17,8,pool_a_own_initial,procrustes,27,29,1/29;complete29 required,,task_subset_same_seed17
r4,17,8,pool_b_own_initial,linear_cka,28,29,1/29;complete29 required,,task_subset_same_seed17
r4,17,8,pool_b_own_initial,debiased_cka,28,29,1/29;complete29 required,,task_subset_same_seed17
r4,17,8,pool_b_own_initial,knn_overlap,28,29,1/29;complete29 required,,task_subset_same_seed17
r4,17,8,pool_b_own_initial,procrustes,27,29,1/29;complete29 required,,task_subset_same_seed17
r4,17,16,between_pools,linear_cka,28,29,1/29;complete29 required,,task_subset_same_seed17
r4,17,16,between_pools,debiased_cka,28,29,1/29;complete29 required,,task_subset_same_seed17
r4,17,16,between_pools,knn_overlap,28,29,1/29;complete29 required,,task_subset_same_seed17
r4,17,16,between_pools,procrustes,27,29,1/29;complete29 required,,task_subset_same_seed17
r4,17,16,pool_a_own_initial,linear_cka,28,29,1/29;complete29 required,,task_subset_same_seed17
r4,17,16,pool_a_own_initial,debiased_cka,28,29,1/29;complete29 required,,task_subset_same_seed17
r4,17,16,pool_a_own_initial,knn_overlap,28,29,1/29;complete29 required,,task_subset_same_seed17
r4,17,16,pool_a_own_initial,procrustes,27,29,1/29;complete29 required,,task_subset_same_seed17
r4,17,16,pool_b_own_initial,linear_cka,28,29,1/29;complete29 required,,task_subset_same_seed17
r4,17,16,pool_b_own_initial,debiased_cka,28,29,1/29;complete29 required,,task_subset_same_seed17
r4,17,16,pool_b_own_initial,knn_overlap,28,29,1/29;complete29 required,,task_subset_same_seed17
r4,17,16,pool_b_own_initial,procrustes,27,29,1/29;complete29 required,,task_subset_same_seed17
