length,fit_anchors,test_anchors,fit_unique_orbits,test_unique_orbits
2,143,0,1,0
3,0,132,0,2
4,115,25,5,2
5,82,58,14,9
6,70,91,36,45
7,69,78,63,71
8,70,82,68,82
9,65,64,65,64
10,81,59,81,59
11,80,80,80,80
12,70,67,70,67
13,69,73,69,73
14,70,63,70,63
15,67,85,67,85
16,75,69,75,69
17,73,73,73,73
18,67,65,67,65
19,79,64,79,64
20,74,73,74,73
21,72,69,72,69
22,74,69,74,69
23,76,53,76,53
24,79,63,79,63
25,73,71,73,71
26,64,73,64,73
27,71,61,71,61
28,49,77,49,77
29,73,72,73,72
30,67,70,67,70
