replicate,k,seed,rebuilt_initial_weights_identical,original_initial_identity_verified,rebuilt_initial_parameter_hash,initialization_grade
r0,1,17,True,False,9d042570cd2bdfb329d594c76d1eb6bfcd69db4507025dfd84e281fecd41c15f,C
r0,2,17,True,False,9d042570cd2bdfb329d594c76d1eb6bfcd69db4507025dfd84e281fecd41c15f,C
r0,4,17,True,False,9d042570cd2bdfb329d594c76d1eb6bfcd69db4507025dfd84e281fecd41c15f,C
r0,8,17,True,False,9d042570cd2bdfb329d594c76d1eb6bfcd69db4507025dfd84e281fecd41c15f,C
r0,16,17,True,False,9d042570cd2bdfb329d594c76d1eb6bfcd69db4507025dfd84e281fecd41c15f,C
r1,1,42,True,False,180f451ce3f3b120430bfa8171aa007f594f5f8873b217f35bd52e58ae12b386,C
r1,2,42,True,False,180f451ce3f3b120430bfa8171aa007f594f5f8873b217f35bd52e58ae12b386,C
r1,4,42,True,False,180f451ce3f3b120430bfa8171aa007f594f5f8873b217f35bd52e58ae12b386,C
r1,8,42,True,False,180f451ce3f3b120430bfa8171aa007f594f5f8873b217f35bd52e58ae12b386,C
r1,16,42,True,False,180f451ce3f3b120430bfa8171aa007f594f5f8873b217f35bd52e58ae12b386,C
r2,1,101,True,False,272ffd5a85ebf528787eeeff2e9116ae1aa3c4cb5fb1d741a4fd6032be2c849a,C
r2,2,101,True,False,272ffd5a85ebf528787eeeff2e9116ae1aa3c4cb5fb1d741a4fd6032be2c849a,C
r2,4,101,True,False,272ffd5a85ebf528787eeeff2e9116ae1aa3c4cb5fb1d741a4fd6032be2c849a,C
r2,8,101,True,False,272ffd5a85ebf528787eeeff2e9116ae1aa3c4cb5fb1d741a4fd6032be2c849a,C
r2,16,101,True,False,272ffd5a85ebf528787eeeff2e9116ae1aa3c4cb5fb1d741a4fd6032be2c849a,C
r3,1,17,True,False,9d042570cd2bdfb329d594c76d1eb6bfcd69db4507025dfd84e281fecd41c15f,C
r3,2,17,True,False,9d042570cd2bdfb329d594c76d1eb6bfcd69db4507025dfd84e281fecd41c15f,C
r3,4,17,True,False,9d042570cd2bdfb329d594c76d1eb6bfcd69db4507025dfd84e281fecd41c15f,C
r3,8,17,True,False,9d042570cd2bdfb329d594c76d1eb6bfcd69db4507025dfd84e281fecd41c15f,C
r3,16,17,True,False,9d042570cd2bdfb329d594c76d1eb6bfcd69db4507025dfd84e281fecd41c15f,C
r4,1,17,True,False,9d042570cd2bdfb329d594c76d1eb6bfcd69db4507025dfd84e281fecd41c15f,C
r4,2,17,True,False,9d042570cd2bdfb329d594c76d1eb6bfcd69db4507025dfd84e281fecd41c15f,C
r4,4,17,True,False,9d042570cd2bdfb329d594c76d1eb6bfcd69db4507025dfd84e281fecd41c15f,C
r4,8,17,True,False,9d042570cd2bdfb329d594c76d1eb6bfcd69db4507025dfd84e281fecd41c15f,C
r4,16,17,True,False,9d042570cd2bdfb329d594c76d1eb6bfcd69db4507025dfd84e281fecd41c15f,C
