scenario,family,world_seed,model_seed,total_centered_energy,nuisance_fraction,order_1_energy_fraction,order_2_energy_fraction,order_3_energy_fraction
A110,A,17,17,255.44208835870685,0.5292284125258307,0.4255405732468224,0.0409058080343788,0.004325206192967987
A120,A,17,17,255.70813352395598,0.5735886059786628,0.3399942868900351,0.044877496826771175,0.04153961030453095
A210,A,17,17,218.30053034190024,0.5253624124350623,0.39906624226845716,0.03546941035521346,0.04010193494126718
A140,A,17,17,229.69591290066597,0.5765691012133665,0.3530470455343805,0.040691826079622184,0.02969202717263074
B111,B,17,17,196.2075000570434,0.036221130200041855,0.460432870048775,0.45358669436290533,0.04975930538827797
B112,B,17,17,249.2407456427103,0.5864053158732244,0.3308401064617439,0.07426329449058493,0.00849128317444665
B121,B,17,17,242.5966393581597,0.6014230820405585,0.2983207525329055,0.07188143606608467,0.028374729360451368
B211,B,17,17,279.55890764330815,0.5104009583395717,0.31097798626234036,0.14659438321002172,0.03202667218806622
A110,A,17,42,252.20895412423909,0.49124535245764306,0.4549293062322754,0.04934946152171863,0.004475879788362815
A120,A,17,42,288.9539272518278,0.5822855922995348,0.28849423567926624,0.07042607381384633,0.058794098207352465
A210,A,17,42,252.46971394525002,0.496178293006383,0.3696222220390262,0.06905227760344561,0.06514720735114521
A140,A,17,42,268.7192808014706,0.5814095228560471,0.32808267907240146,0.04371846188566651,0.04678933618588505
B111,B,17,42,215.50106071407498,0.03540298079339176,0.455583843419344,0.4566998852221661,0.05231329056509802
B112,B,17,42,239.83699991958338,0.5658736253456561,0.3287096273478638,0.09322188881170185,0.012194858494778107
B121,B,17,42,282.2864816609404,0.5867241409104886,0.29564273526451895,0.08836554043187338,0.029267583393119086
B211,B,17,42,251.17490856915904,0.5658602150977996,0.3112351255475085,0.1005625412249212,0.022342118129770744
A110,A,17,101,215.06286870338224,0.5111442089717998,0.41232425166697717,0.06709715215905505,0.009434387202168045
A120,A,17,101,268.12104620291115,0.60380544401421,0.29862521616732024,0.05171738562767713,0.045851954190792604
A210,A,17,101,226.4922792864086,0.530279023319208,0.37156599176747174,0.05055334113139713,0.04760164378192321
A140,A,17,101,258.66019120811654,0.6027943420262498,0.31206976107336276,0.05339422892509027,0.03174166797529726
B111,B,17,101,206.5224114868481,0.035709249564095866,0.44925133537106,0.45801102411141514,0.05702839095342913
B112,B,17,101,244.61930250203096,0.5814383332802505,0.32277048601335856,0.08426292205065068,0.011528258655740347
B121,B,17,101,267.11458937575327,0.6297594329827996,0.27065981960161356,0.07502991934154131,0.02455082807404564
B211,B,17,101,259.09525768248585,0.5426765679531369,0.360634955834163,0.08254035351607329,0.014148122696626885
A110,A,42,17,188.69805503451965,0.4787998578654298,0.4066073178605037,0.06329482633053159,0.05129799794353506
A120,A,42,17,233.6457466690058,0.5631057799131294,0.3240385077197372,0.06441170020921115,0.048444012157922184
A210,A,42,17,188.83076898140897,0.45834282336503185,0.4024169478185173,0.10639059337743038,0.03284963543902061
A140,A,42,17,230.4848268040862,0.5818752023989411,0.29771198123175124,0.06217272741066266,0.058240088958644826
B111,B,42,17,187.0113214253422,0.4894653975123188,0.38012591387850897,0.10696189651757311,0.02344679209159908
B112,B,42,17,216.8445659235973,0.5558307911612446,0.3314859229623821,0.08438116139973707,0.028302124476636048
B121,B,42,17,175.58064728437836,0.12015749315536695,0.46376403233632035,0.4028958474740593,0.013182627034253151
B211,B,42,17,191.62233764426023,0.4803501872407389,0.3832656084019789,0.11310898320620755,0.023275221151074568
A110,A,42,42,181.9137159296976,0.5264800926369058,0.34934316326561765,0.07417592390651181,0.05000082019096472
A120,A,42,42,204.8268191190807,0.5583473158360166,0.3176338531145081,0.07212781557127154,0.05189101547820387
A210,A,42,42,174.46629258881325,0.434490069207069,0.42793170598636193,0.10853505435252299,0.029043170454046238
A140,A,42,42,217.10231969592832,0.5751820737601635,0.2932908869820335,0.07189686667491503,0.05963017258288789
B111,B,42,42,176.09866932974796,0.47861511015196295,0.3921941936597119,0.1068012846171459,0.02238941157117935
B112,B,42,42,200.0593283520024,0.5332314418400604,0.33309745935536783,0.10119765251965386,0.032473446284917856
B121,B,42,42,168.95134443256552,0.0870948632704326,0.4937426136424691,0.40382874388783274,0.015333779199265322
B211,B,42,42,179.3541262970016,0.5111166173638227,0.36635882472376863,0.1038904071447204,0.018634150767688176
A110,A,42,101,190.8104996879675,0.4832445410175191,0.3845831998161683,0.08074764424280179,0.051424614923510734
A120,A,42,101,225.0833339541141,0.5550196517781508,0.3445526938801476,0.06250228676770113,0.03792536757400049
A210,A,42,101,180.56727012180602,0.4211058611015945,0.455023392573107,0.09633183560617845,0.027538910719120152
A140,A,42,101,227.81990152400752,0.5867074057244067,0.2923446113862577,0.06225874984373934,0.0586892330455961
B111,B,42,101,184.31374987107446,0.4871408975728149,0.39214822776270014,0.1018023253312224,0.018908549333262487
B112,B,42,101,214.2867234915622,0.5443209441488228,0.33036243658244013,0.09444914339119767,0.030867475877539276
B121,B,42,101,258.8023944232298,0.3664162274147673,0.3633571371124124,0.2633622378778279,0.006864397594992496
B211,B,42,101,182.0652426554016,0.4981622442074118,0.37897347839479717,0.10323075805168505,0.019633519346105986
A110,A,101,17,278.7426823625186,0.6130304170932717,0.27773029593164483,0.08299503976635779,0.026244247208725893
A120,A,101,17,221.17225312015893,0.5187727330904055,0.3720501578791616,0.07435310980019187,0.03482399923024102
A210,A,101,17,204.7617646719621,0.3873587198320968,0.3923021063456129,0.19994730550356685,0.02039186831872344
A140,A,101,17,222.92021106631407,0.5463533861477935,0.34629658730231794,0.08260899868168022,0.024741027868208306
B111,B,101,17,223.40341436328654,0.5000433260099044,0.37405427421283516,0.10050213305636212,0.02540026672089834
B112,B,101,17,240.973810348837,0.5687392530247041,0.3475135931183542,0.07861114418451284,0.005136009672428802
B121,B,101,17,279.0413052788455,0.6057736347974972,0.29388135858836234,0.08706300307075644,0.013282003543384052
B211,B,101,17,202.58058775366726,0.23701682383559108,0.399632607663556,0.3309100646378368,0.032440503863016217
A110,A,101,42,300.77417285522756,0.6097942335899953,0.2748433151174601,0.08553823253166233,0.02982421876088206
A120,A,101,42,243.16319293550328,0.5256816280700007,0.3755620489445689,0.06605335308007894,0.032702969905351556
A210,A,101,42,237.55099803245534,0.4754844810348993,0.3851667168498608,0.1314553791768864,0.007893422938353671
A140,A,101,42,241.83555981266733,0.5280985439433639,0.3657668207264639,0.07928083284273814,0.02685380248743418
B111,B,101,42,250.0340222451741,0.5190744188677324,0.3565528571310251,0.09319458978043063,0.03117813422081204
B112,B,101,42,260.0041367476273,0.567397002265426,0.3493793360135507,0.07806277204624845,0.005160889674774831
B121,B,101,42,295.44785856300615,0.6153981865414531,0.2748773088328667,0.09454693274271962,0.015177571882960683
B211,B,101,42,228.1568361510928,0.4466218217699303,0.3408206740004769,0.20264184931690069,0.009915654912691979
A110,A,101,101,305.5475495930436,0.6311296959375795,0.2710761892793821,0.07002705044236666,0.027767064340671704
A120,A,101,101,245.91078665662036,0.5461569359108215,0.3500936223695226,0.07211628639690544,0.03163315532275043
A210,A,101,101,242.34086156469007,0.48941789598559826,0.34502027827627196,0.15136633620497064,0.014195489533159187
A140,A,101,101,239.62369762052774,0.5567643483482058,0.33168572704151883,0.08583077083386763,0.02571915377640775
B111,B,101,101,253.201812079854,0.5440183857230152,0.32284273556354826,0.10540675021065146,0.02773212850278529
B112,B,101,101,270.9767822922444,0.5800459375136763,0.33702988098130804,0.07652008014867817,0.006404101356337541
B121,B,101,101,291.43355188290997,0.629963204622146,0.26111846553228957,0.0921610896196385,0.01675724022592617
B211,B,101,101,219.34736791125383,0.29281223204021367,0.37293842021577606,0.31048382662035445,0.02376552112365593
