cohort,representation,group,models,cka,source_character_energy_fraction
field_matched_support,full_hidden,M1,9,0.40114837049291474,0.4112679420545211
field_matched_support,full_hidden,M2,9,0.3124663133556236,0.43276265674005543
field_matched_support,full_hidden,P,9,0.44716202795532506,0.41008327500082337
field_matched_support,standardized_hidden,M1,9,0.25017415343390725,0.2823517659979238
field_matched_support,standardized_hidden,M2,9,0.2120377220846419,0.2937618782928214
field_matched_support,standardized_hidden,P,9,0.31723109974274544,0.32047319789036477
field_matched_support,source_contrast_rowspace,M1,9,0.5386766277844978,0.7898395501086259
field_matched_support,source_contrast_rowspace,M2,9,0.37310937337746414,0.7943695556928151
field_matched_support,source_contrast_rowspace,P,9,0.6167713193188336,0.7866539018718429
field_matched_support,source_contrast_nullspace,M1,9,0.1526752907686367,0.15045377552682457
field_matched_support,source_contrast_nullspace,M2,9,0.1419802622085752,0.1712383068156005
field_matched_support,source_contrast_nullspace,P,9,0.16519633420872606,0.15228233148614562
field_matched_support,centered_logits,M1,9,0.5675021586987176,0.9037843002911513
field_matched_support,centered_logits,M2,9,0.40547465417127926,0.8919029871613601
field_matched_support,centered_logits,P,9,0.6420336587834954,0.8856870720319322
field_matched_support,source_probabilities,M1,9,0.7499988062618874,0.9999999998317796
field_matched_support,source_probabilities,M2,9,0.4999993705856593,0.9999999998731206
field_matched_support,source_probabilities,P,9,0.9999999997808151,0.9999999998890261
field_matched_support,decoded_one_hot,M1,9,0.75,1.0000000000000002
field_matched_support,decoded_one_hot,M2,9,0.4999999999999998,1.0000000000000002
field_matched_support,decoded_one_hot,P,9,1.0,1.0000000000000002
field_symmetry,full_hidden,M1,9,0.3980797616936229,0.395642655334215
field_symmetry,full_hidden,M2,9,0.26652827135027174,0.38802394833309495
field_symmetry,full_hidden,M3,9,0.2609525376903697,0.3932428206034158
field_symmetry,full_hidden,M4,9,0.3331775340500993,0.3432400852424321
field_symmetry,full_hidden,P,9,0.3209739101194873,0.34255316363265015
field_symmetry,standardized_hidden,M1,9,0.3975176937826588,0.39055918723791483
field_symmetry,standardized_hidden,M2,9,0.35124768749414614,0.4117689706391256
field_symmetry,standardized_hidden,M3,9,0.28557316911314357,0.40046824000111514
field_symmetry,standardized_hidden,M4,9,0.3448708860366828,0.3579377498734334
field_symmetry,standardized_hidden,P,9,0.3291866572673843,0.33692081716969996
field_symmetry,source_contrast_rowspace,M1,9,0.5852870974019639,0.8357773472815784
field_symmetry,source_contrast_rowspace,M2,9,0.37468016100147206,0.8215500100518394
field_symmetry,source_contrast_rowspace,M3,9,0.4136056963397567,0.8306181376360179
field_symmetry,source_contrast_rowspace,M4,9,0.53836022358788,0.7915039996983233
field_symmetry,source_contrast_rowspace,P,9,0.5512163851108292,0.7876191911638164
field_symmetry,source_contrast_nullspace,M1,9,0.13330345174854133,0.07772130343971623
field_symmetry,source_contrast_nullspace,M2,9,0.08588731180809524,0.07986871662753565
field_symmetry,source_contrast_nullspace,M3,9,0.08623613491303635,0.07638235022420349
field_symmetry,source_contrast_nullspace,M4,9,0.11477860624390734,0.06752927453095842
field_symmetry,source_contrast_nullspace,P,9,0.08761895081006005,0.07350717924550208
field_symmetry,centered_logits,M1,9,0.6859882494398334,0.8544992474869951
field_symmetry,centered_logits,M2,9,0.414757602375576,0.8547866581865811
field_symmetry,centered_logits,M3,9,0.4408669101819187,0.8678320837747313
field_symmetry,centered_logits,M4,9,0.6898301051826603,0.851648941308001
field_symmetry,centered_logits,P,9,0.40903982392055993,0.83621181462914
field_symmetry,source_probabilities,M1,9,0.7499991996182567,0.9999999999730471
field_symmetry,source_probabilities,M2,9,0.49999893095323955,0.9999999999701177
field_symmetry,source_probabilities,M3,9,0.4999993286801425,0.9999999999649286
field_symmetry,source_probabilities,M4,9,0.7499978990760119,0.999999999956696
field_symmetry,source_probabilities,P,9,0.9999999998622504,0.999999999948794
field_symmetry,decoded_one_hot,M1,9,0.75,1.0000000000000002
field_symmetry,decoded_one_hot,M2,9,0.5,1.0000000000000002
field_symmetry,decoded_one_hot,M3,9,0.5,1.0000000000000002
field_symmetry,decoded_one_hot,M4,9,0.75,1.0000000000000002
field_symmetry,decoded_one_hot,P,9,1.0,1.0000000000000002
