cohort,group,world_seed,model_seed,ideal_code_cka,contrast_rank,representation,cka,source_character_energy_fraction,variance_relative_to_full_hidden
field_symmetry,P,17,17,1.0,16,full_hidden,0.3517361171504673,0.30368272074392466,1.0
field_symmetry,P,17,17,1.0,16,standardized_hidden,0.4367293478045796,0.3795353277309011,0.42071669735008127
field_symmetry,P,17,17,1.0,16,source_contrast_rowspace,0.6259272815776927,0.7596994717947955,0.33053965774053407
field_symmetry,P,17,17,1.0,16,source_contrast_nullspace,0.13318941976182685,0.07852880003881232,0.6694603422594657
field_symmetry,P,17,17,1.0,16,centered_logits,0.4695821151028654,0.8221367759205183,6.549778835334511
field_symmetry,P,17,17,1.0,16,source_probabilities,0.9999999998615711,0.9999999999297389,0.008058895219667439
field_symmetry,P,17,17,1.0,16,decoded_one_hot,1.0,1.0000000000000002,0.00805902452901207
field_symmetry,M1,17,17,0.75,16,full_hidden,0.38738271309313277,0.3643579431012617,1.0
field_symmetry,M1,17,17,0.75,16,standardized_hidden,0.5318531632848025,0.4075135702831322,0.5057286910961297
field_symmetry,M1,17,17,0.75,16,source_contrast_rowspace,0.6043633379490407,0.8113425714399043,0.38973822210981796
field_symmetry,M1,17,17,0.75,16,source_contrast_nullspace,0.11102545577592807,0.07889521108911637,0.6102617778901819
field_symmetry,M1,17,17,0.75,16,centered_logits,0.6714317248680484,0.8246293484649264,4.798725093714937
field_symmetry,M1,17,17,0.75,16,source_probabilities,0.7499991839750876,0.9999999999741905,0.011231332358358645
field_symmetry,M1,17,17,0.75,16,decoded_one_hot,0.7500000000000001,1.0000000000000002,0.01123145741468293
field_symmetry,M4,17,17,0.75,16,full_hidden,0.49971537250915204,0.3861766536297886,1.0
field_symmetry,M4,17,17,0.75,16,standardized_hidden,0.5888791285770951,0.4775773629831627,0.5627874264098445
field_symmetry,M4,17,17,0.75,16,source_contrast_rowspace,0.7874061933152648,0.8638451791022612,0.39188007304038847
field_symmetry,M4,17,17,0.75,16,source_contrast_nullspace,0.24306916024930617,0.07836109233561055,0.6081199269596114
field_symmetry,M4,17,17,0.75,16,centered_logits,0.916477467399201,0.9419770554688991,7.5728114841621865
field_symmetry,M4,17,17,0.75,16,source_probabilities,0.7499980439153384,0.9999999999614727,0.010102027878012284
field_symmetry,M4,17,17,0.75,16,decoded_one_hot,0.7500000000000001,1.0000000000000002,0.010102173937548873
field_symmetry,M2,17,17,0.5,16,full_hidden,0.2753441379786398,0.4066572119561005,1.0
field_symmetry,M2,17,17,0.5,16,standardized_hidden,0.670252631918118,0.5090010571492665,0.6119240609092229
field_symmetry,M2,17,17,0.5,16,source_contrast_rowspace,0.37984831843703315,0.8211528912335331,0.4200886392753765
field_symmetry,M2,17,17,0.5,16,source_contrast_nullspace,0.08901075244872318,0.10639593465399151,0.5799113607246237
field_symmetry,M2,17,17,0.5,16,centered_logits,0.31904446615730636,0.8324340523877148,4.500050270768685
field_symmetry,M2,17,17,0.5,16,source_probabilities,0.49999929519589587,0.9999999999757442,0.012287505938648812
field_symmetry,M2,17,17,0.5,16,decoded_one_hot,0.5000000000000001,1.0000000000000002,0.012287638621725105
field_symmetry,M3,17,17,0.5,16,full_hidden,0.29256388964250096,0.36899274139883,1.0
field_symmetry,M3,17,17,0.5,16,standardized_hidden,0.4113490910065199,0.4053058046808122,0.7309618909970613
field_symmetry,M3,17,17,0.5,16,source_contrast_rowspace,0.6127850286265885,0.817203277036683,0.37738375437481403
field_symmetry,M3,17,17,0.5,16,source_contrast_nullspace,0.07170123999399458,0.09732078314545377,0.6226162456251859
field_symmetry,M3,17,17,0.5,16,centered_logits,0.7680316263006971,0.8741720982408747,5.751152824234076
field_symmetry,M3,17,17,0.5,16,source_probabilities,0.49999859772192123,0.9999999999552419,0.010079207161492233
field_symmetry,M3,17,17,0.5,16,decoded_one_hot,0.5000000000000001,1.0000000000000002,0.010079342342450852
field_symmetry,P,17,42,1.0,16,full_hidden,0.30940710917644054,0.32510061653111155,1.0
field_symmetry,P,17,42,1.0,16,standardized_hidden,0.39805709174052395,0.3445039111692597,0.4566893226810267
field_symmetry,P,17,42,1.0,16,source_contrast_rowspace,0.5162098615395054,0.7810598781606004,0.3669232905838807
field_symmetry,P,17,42,1.0,16,source_contrast_nullspace,0.08663997290089594,0.06083236884341897,0.6330767094161195
field_symmetry,P,17,42,1.0,16,centered_logits,0.2415719582825938,0.8218243821712041,5.880283102244207
field_symmetry,P,17,42,1.0,16,source_probabilities,0.999999999910932,0.9999999999585265,0.00955107588193235
field_symmetry,P,17,42,1.0,16,decoded_one_hot,1.0,1.0000000000000002,0.009551199191278803
field_symmetry,M1,17,42,0.75,16,full_hidden,0.449657314587413,0.3689891120594522,1.0
field_symmetry,M1,17,42,0.75,16,standardized_hidden,0.5453204458756904,0.4265576238822033,0.6097425418652425
field_symmetry,M1,17,42,0.75,16,source_contrast_rowspace,0.7228420607900756,0.8348569766405668,0.3875202983225877
field_symmetry,M1,17,42,0.75,16,source_contrast_nullspace,0.15261807940471867,0.07423117417685769,0.612479701677412
field_symmetry,M1,17,42,0.75,16,centered_logits,0.8643967102856567,0.8864673954297622,5.692616687830258
field_symmetry,M1,17,42,0.75,16,source_probabilities,0.7499996960574894,0.9999999999608027,0.010418642790379993
field_symmetry,M1,17,42,0.75,16,decoded_one_hot,0.7500000000000001,1.0000000000000002,0.010418782250993684
field_symmetry,M4,17,42,0.75,16,full_hidden,0.38332979205363543,0.3564567935777546,1.0
field_symmetry,M4,17,42,0.75,16,standardized_hidden,0.5311047123403305,0.4459983446745271,0.5866157731127333
field_symmetry,M4,17,42,0.75,16,source_contrast_rowspace,0.6404601697667264,0.8038919959110331,0.3920675810340536
field_symmetry,M4,17,42,0.75,16,source_contrast_nullspace,0.09028542553525336,0.06789702611761994,0.6079324189659465
field_symmetry,M4,17,42,0.75,16,centered_logits,0.7537225880403042,0.9124829209292219,8.48500408516996
field_symmetry,M4,17,42,0.75,16,source_probabilities,0.7499994085473862,0.9999999999475765,0.009250799380325242
field_symmetry,M4,17,42,0.75,16,decoded_one_hot,0.7500000000000001,1.0000000000000002,0.009250949274715913
field_symmetry,M2,17,42,0.5,16,full_hidden,0.2853241372447209,0.39792191954446865,1.0
field_symmetry,M2,17,42,0.5,16,standardized_hidden,0.7254424119953805,0.6126479731516654,0.9715034877608881
field_symmetry,M2,17,42,0.5,16,source_contrast_rowspace,0.410227968518047,0.8165278667634561,0.4232055284194473
field_symmetry,M2,17,42,0.5,16,source_contrast_nullspace,0.08562021212169166,0.09078244470365604,0.5767944715805525
field_symmetry,M2,17,42,0.5,16,centered_logits,0.344088218957756,0.8299162876162838,4.398242068437614
field_symmetry,M2,17,42,0.5,16,source_probabilities,0.49999970611001193,0.9999999999739948,0.011870879261943298
field_symmetry,M2,17,42,0.5,16,decoded_one_hot,0.5000000000000001,1.0000000000000002,0.01187101520816646
field_symmetry,M3,17,42,0.5,16,full_hidden,0.28147183787357277,0.36432680753963326,1.0
field_symmetry,M3,17,42,0.5,16,standardized_hidden,0.549690474730945,0.5246954785906783,1.4536812002390218
field_symmetry,M3,17,42,0.5,16,source_contrast_rowspace,0.4368070615756952,0.8029910352141273,0.3830275279098011
field_symmetry,M3,17,42,0.5,16,source_contrast_nullspace,0.10132629689076157,0.091996221801507,0.6169724720901991
field_symmetry,M3,17,42,0.5,16,centered_logits,0.2287267133331437,0.813951764920335,4.531883651446247
field_symmetry,M3,17,42,0.5,16,source_probabilities,0.49999969753965956,0.999999999963689,0.010488255540178588
field_symmetry,M3,17,42,0.5,16,decoded_one_hot,0.5000000000000001,1.0000000000000002,0.010488377732202195
field_symmetry,P,17,101,1.0,16,full_hidden,0.39966301396081194,0.34745394391136547,1.0
field_symmetry,P,17,101,1.0,16,standardized_hidden,0.39268960601823666,0.3392235891625234,0.444907790457743
field_symmetry,P,17,101,1.0,16,source_contrast_rowspace,0.5793772188690095,0.7518004588154996,0.3812832981119427
field_symmetry,P,17,101,1.0,16,source_contrast_nullspace,0.12727255554174058,0.09827597229324687,0.6187167018880572
field_symmetry,P,17,101,1.0,16,centered_logits,0.30606704804634105,0.8031080750851183,8.059458996707646
field_symmetry,P,17,101,1.0,16,source_probabilities,0.9999999998100368,0.9999999999024983,0.007464751924970701
field_symmetry,P,17,101,1.0,16,decoded_one_hot,1.0,1.0000000000000002,0.007464892368887827
field_symmetry,M1,17,101,0.75,16,full_hidden,0.40870177104644767,0.35775311217170247,1.0
field_symmetry,M1,17,101,0.75,16,standardized_hidden,0.47893241194004066,0.417069603987831,0.9582207690048098
field_symmetry,M1,17,101,0.75,16,source_contrast_rowspace,0.6376753230657676,0.8153686035194688,0.39113914658409094
field_symmetry,M1,17,101,0.75,16,source_contrast_nullspace,0.11659733261285427,0.06377570872192452,0.608860853415909
field_symmetry,M1,17,101,0.75,16,centered_logits,0.5831951487404682,0.8100860619940314,4.320071807643486
field_symmetry,M1,17,101,0.75,16,source_probabilities,0.7499998408751843,0.9999999999743695,0.01139327235132254
field_symmetry,M1,17,101,0.75,16,decoded_one_hot,0.7500000000000001,1.0000000000000002,0.011393393056468748
field_symmetry,M4,17,101,0.75,16,full_hidden,0.3659114047841568,0.34228607296394886,1.0
field_symmetry,M4,17,101,0.75,16,standardized_hidden,0.5524895969512525,0.43743353647240757,0.9471488831697084
field_symmetry,M4,17,101,0.75,16,source_contrast_rowspace,0.649110787375552,0.7948082951909513,0.376868656330643
field_symmetry,M4,17,101,0.75,16,source_contrast_nullspace,0.10463966245363163,0.0686014901178976,0.6231313436693567
field_symmetry,M4,17,101,0.75,16,centered_logits,0.7356669070656265,0.8540704148454124,6.5375513127348786
field_symmetry,M4,17,101,0.75,16,source_probabilities,0.7499980562951554,0.999999999959095,0.009857023942802502
field_symmetry,M4,17,101,0.75,16,decoded_one_hot,0.7500000000000001,1.0000000000000002,0.00985716161365116
field_symmetry,M2,17,101,0.5,16,full_hidden,0.2394953905596709,0.3333725415437673,1.0
field_symmetry,M2,17,101,0.5,16,standardized_hidden,0.42486920643248344,0.3980523988348394,0.47375467719090275
field_symmetry,M2,17,101,0.5,16,source_contrast_rowspace,0.3753365840688455,0.7797241051835807,0.3738737941259702
field_symmetry,M2,17,101,0.5,16,source_contrast_nullspace,0.08119215954506669,0.06684615908845304,0.6261262058740298
field_symmetry,M2,17,101,0.5,16,centered_logits,0.19423182997359778,0.8061135261968874,4.9322051959920445
field_symmetry,M2,17,101,0.5,16,source_probabilities,0.49999996911258554,0.9999999999651215,0.01072995574571984
field_symmetry,M2,17,101,0.5,16,decoded_one_hot,0.5000000000000001,1.0000000000000002,0.010730088308991689
field_symmetry,M3,17,101,0.5,16,full_hidden,0.29208092925608864,0.33550659657110593,1.0
field_symmetry,M3,17,101,0.5,16,standardized_hidden,0.26401763915851917,0.33823907733892855,0.8542318686665586
field_symmetry,M3,17,101,0.5,16,source_contrast_rowspace,0.5158465512561251,0.7950555688076508,0.36115015433004016
field_symmetry,M3,17,101,0.5,16,source_contrast_nullspace,0.08072721016811171,0.07571756575214877,0.6388498456699603
field_symmetry,M3,17,101,0.5,16,centered_logits,0.49170931599988127,0.7960302449729549,4.69587035768988
field_symmetry,M3,17,101,0.5,16,source_probabilities,0.49999834395365134,0.9999999999584648,0.010132510970000681
field_symmetry,M3,17,101,0.5,16,decoded_one_hot,0.5000000000000001,1.0000000000000002,0.010132640413648666
field_symmetry,P,42,17,1.0,16,full_hidden,0.2435874070272309,0.3867916338334675,1.0
field_symmetry,P,42,17,1.0,16,standardized_hidden,0.3381983709143097,0.36875159121253837,0.30237606527175825
field_symmetry,P,42,17,1.0,16,source_contrast_rowspace,0.37395626125260234,0.8252251861893615,0.4213416494380318
field_symmetry,P,42,17,1.0,16,source_contrast_nullspace,0.0784111311133797,0.06755262874660509,0.5786583505619687
field_symmetry,P,42,17,1.0,16,centered_logits,0.17176341139732257,0.8900079330626538,7.017612684788853
field_symmetry,P,42,17,1.0,16,source_probabilities,0.9999999998892021,0.9999999999734619,0.011843329942716687
field_symmetry,P,42,17,1.0,16,decoded_one_hot,1.0,1.0000000000000002,0.011843480565469158
field_symmetry,M1,42,17,0.75,16,full_hidden,0.46206126175580664,0.4127773370910846,1.0
field_symmetry,M1,42,17,0.75,16,standardized_hidden,0.3942733304246814,0.3925593582794122,0.4112201449946175
field_symmetry,M1,42,17,0.75,16,source_contrast_rowspace,0.6147939142111322,0.848854583805461,0.4459929293797469
field_symmetry,M1,42,17,0.75,16,source_contrast_nullspace,0.19163250233919535,0.061721585256986435,0.5540070706202532
field_symmetry,M1,42,17,0.75,16,centered_logits,0.5632045540953909,0.8624275201413689,5.235101112628389
field_symmetry,M1,42,17,0.75,16,source_probabilities,0.7500005114795818,0.9999999999824991,0.014829142597420587
field_symmetry,M1,42,17,0.75,16,decoded_one_hot,0.75,1.0000000000000002,0.014829283089563092
field_symmetry,M4,42,17,0.75,16,full_hidden,0.3076928931101079,0.34497704807127055,1.0
field_symmetry,M4,42,17,0.75,16,standardized_hidden,0.2961018608411786,0.3230710176109968,0.3053130568671045
field_symmetry,M4,42,17,0.75,16,source_contrast_rowspace,0.44842720075155673,0.7805287162577742,0.3992189910082973
field_symmetry,M4,42,17,0.75,16,source_contrast_nullspace,0.09970594225024598,0.05555295692494398,0.6007810089917027
field_symmetry,M4,42,17,0.75,16,centered_logits,0.4084033344318084,0.8155439892672002,5.343303015976051
field_symmetry,M4,42,17,0.75,16,source_probabilities,0.7500000526505295,0.9999999999757926,0.012079048144778224
field_symmetry,M4,42,17,0.75,16,decoded_one_hot,0.75,1.0000000000000002,0.012079180748711355
field_symmetry,M2,42,17,0.5,16,full_hidden,0.32036404515052375,0.3960318514438978,1.0
field_symmetry,M2,42,17,0.5,16,standardized_hidden,0.30895457360184286,0.36861517132494903,0.30026885822203014
field_symmetry,M2,42,17,0.5,16,source_contrast_rowspace,0.40306752443009536,0.8042838586658908,0.4511022441122226
field_symmetry,M2,42,17,0.5,16,source_contrast_nullspace,0.10196233058777746,0.06051691328697757,0.5488977558877779
field_symmetry,M2,42,17,0.5,16,centered_logits,0.42271014476253244,0.8733083306317598,7.341427169052461
field_symmetry,M2,42,17,0.5,16,source_probabilities,0.5000002117013082,0.9999999999732774,0.013131202315993334
field_symmetry,M2,42,17,0.5,16,decoded_one_hot,0.5,1.0000000000000002,0.013131366052313641
field_symmetry,M3,42,17,0.5,16,full_hidden,0.2902912351408402,0.44538931609408866,1.0
field_symmetry,M3,42,17,0.5,16,standardized_hidden,0.3542896494306233,0.40077656495082153,0.3308928532715186
field_symmetry,M3,42,17,0.5,16,source_contrast_rowspace,0.33008766962934893,0.8513821542557106,0.4850190162836233
field_symmetry,M3,42,17,0.5,16,source_contrast_nullspace,0.17064858138545766,0.06301743594754707,0.5149809837163762
field_symmetry,M3,42,17,0.5,16,centered_logits,0.254913852049556,0.911051017579107,7.8270107999078995
field_symmetry,M3,42,17,0.5,16,source_probabilities,0.5000006676841332,0.9999999999744559,0.013493494528297635
field_symmetry,M3,42,17,0.5,16,decoded_one_hot,0.5,1.0000000000000002,0.013493651174221024
field_symmetry,P,42,42,1.0,16,full_hidden,0.41683659266131035,0.35599862970806734,1.0
field_symmetry,P,42,42,1.0,16,standardized_hidden,0.3585223743105052,0.3189063710045846,0.31162829189623464
field_symmetry,P,42,42,1.0,16,source_contrast_rowspace,0.685355145011894,0.8106898322010102,0.40147934173496375
field_symmetry,P,42,42,1.0,16,source_contrast_nullspace,0.08721505619714273,0.05099808854260329,0.5985206582650362
field_symmetry,P,42,42,1.0,16,centered_logits,0.6237174839016277,0.8264526165473651,4.803701923779246
field_symmetry,P,42,42,1.0,16,source_probabilities,0.9999999999557724,0.9999999999811432,0.0131614794279495
field_symmetry,P,42,42,1.0,16,decoded_one_hot,1.0,1.0000000000000002,0.013161617332291153
field_symmetry,M1,42,42,0.75,16,full_hidden,0.4556506642468081,0.4321585080261211,1.0
field_symmetry,M1,42,42,0.75,16,standardized_hidden,0.4653103712550023,0.39441962120154855,0.38565398015147767
field_symmetry,M1,42,42,0.75,16,source_contrast_rowspace,0.608141690681956,0.8503249294381088,0.462104714513012
field_symmetry,M1,42,42,0.75,16,source_contrast_nullspace,0.16062570481066707,0.0729126101734082,0.5378952854869881
field_symmetry,M1,42,42,0.75,16,centered_logits,0.6121424810030657,0.8549207528371272,4.871240706665946
field_symmetry,M1,42,42,0.75,16,source_probabilities,0.750000615547102,0.9999999999803064,0.015236003926933387
field_symmetry,M1,42,42,0.75,16,decoded_one_hot,0.75,1.0000000000000002,0.015236156115085135
field_symmetry,M4,42,42,0.75,16,full_hidden,0.31585214497563807,0.3404635598127298,1.0
field_symmetry,M4,42,42,0.75,16,standardized_hidden,0.28406592584654844,0.2965024374959422,0.3141437806051189
field_symmetry,M4,42,42,0.75,16,source_contrast_rowspace,0.4908835656714569,0.8026480702552802,0.38277577304950816
field_symmetry,M4,42,42,0.75,16,source_contrast_nullspace,0.11087187213363152,0.05383671408726852,0.6172242269504918
field_symmetry,M4,42,42,0.75,16,centered_logits,0.5246433352504903,0.8070057094360598,4.549342911669143
field_symmetry,M4,42,42,0.75,16,source_probabilities,0.7499995509480977,0.9999999999793677,0.012562929197132646
field_symmetry,M4,42,42,0.75,16,decoded_one_hot,0.75,1.0000000000000002,0.012563063772479224
field_symmetry,M2,42,42,0.5,16,full_hidden,0.30821012933566777,0.3919415973561816,1.0
field_symmetry,M2,42,42,0.5,16,standardized_hidden,0.2954477432429609,0.3612599391549254,0.37746321288017015
field_symmetry,M2,42,42,0.5,16,source_contrast_rowspace,0.41657383046870333,0.8414503639164651,0.424214711789887
field_symmetry,M2,42,42,0.5,16,source_contrast_nullspace,0.12186168955021634,0.060762187673499536,0.575785288210113
field_symmetry,M2,42,42,0.5,16,centered_logits,0.4398900669199758,0.8506385516221612,4.854990328052866
field_symmetry,M2,42,42,0.5,16,source_probabilities,0.49999968111179327,0.9999999999803031,0.01455580543963868
field_symmetry,M2,42,42,0.5,16,decoded_one_hot,0.5,1.0000000000000002,0.014555958096225872
field_symmetry,M3,42,42,0.5,16,full_hidden,0.288478002082024,0.44179339881455815,1.0
field_symmetry,M3,42,42,0.5,16,standardized_hidden,0.24536337309056622,0.3859376002931173,0.3739281897463557
field_symmetry,M3,42,42,0.5,16,source_contrast_rowspace,0.37696218335796344,0.8608296585196417,0.46723754939877254
field_symmetry,M3,42,42,0.5,16,source_contrast_nullspace,0.10113881869979592,0.07429476058868374,0.5327624506012275
field_symmetry,M3,42,42,0.5,16,centered_logits,0.3918438907845737,0.8644068317894025,4.770576594087044
field_symmetry,M3,42,42,0.5,16,source_probabilities,0.4999999402178131,0.9999999999837913,0.01519198856495471
field_symmetry,M3,42,42,0.5,16,decoded_one_hot,0.5,1.0000000000000002,0.015192127423613333
field_symmetry,P,42,101,1.0,16,full_hidden,0.3194468780576273,0.40744878629992165,1.0
field_symmetry,P,42,101,1.0,16,standardized_hidden,0.3400795708140186,0.363257808026744,0.28211689263769835
field_symmetry,P,42,101,1.0,16,source_contrast_rowspace,0.5002687963814259,0.8230340466163285,0.44142964263147666
field_symmetry,P,42,101,1.0,16,source_contrast_nullspace,0.07845053609476299,0.07901808724056163,0.5585703573685235
field_symmetry,P,42,101,1.0,16,centered_logits,0.30573320176856256,0.8967441000599764,7.0898130539275295
field_symmetry,P,42,101,1.0,16,source_probabilities,0.9999999999097916,0.9999999999806936,0.01208949762193469
field_symmetry,P,42,101,1.0,16,decoded_one_hot,1.0,1.0000000000000002,0.01208963149350025
field_symmetry,M1,42,101,0.75,16,full_hidden,0.48455037955207597,0.43565915866643307,1.0
field_symmetry,M1,42,101,0.75,16,standardized_hidden,0.447206484867039,0.38303978263112753,0.4193702143412949
field_symmetry,M1,42,101,0.75,16,source_contrast_rowspace,0.6257804145248052,0.8389109847609774,0.4752525347519533
field_symmetry,M1,42,101,0.75,16,source_contrast_nullspace,0.18386279392486887,0.07044262083295307,0.5247474652480468
field_symmetry,M1,42,101,0.75,16,centered_logits,0.5778261665939763,0.8574097692485317,5.605240873106389
field_symmetry,M1,42,101,0.75,16,source_probabilities,0.7500003118293743,0.9999999999835106,0.01509610278094814
field_symmetry,M1,42,101,0.75,16,decoded_one_hot,0.75,1.0000000000000002,0.015096241704290586
field_symmetry,M4,42,101,0.75,16,full_hidden,0.356276625674275,0.34922712068680084,1.0
field_symmetry,M4,42,101,0.75,16,standardized_hidden,0.33885429199679246,0.32114293155554624,0.29430084002188195
field_symmetry,M4,42,101,0.75,16,source_contrast_rowspace,0.511226930071186,0.7648682633569175,0.412520598453921
field_symmetry,M4,42,101,0.75,16,source_contrast_nullspace,0.11637597284594096,0.057369172195138575,0.5874794015460791
field_symmetry,M4,42,101,0.75,16,centered_logits,0.558908474589392,0.8248141093452743,6.045061148323975
field_symmetry,M4,42,101,0.75,16,source_probabilities,0.7499990922643185,0.9999999999801644,0.011689734668324289
field_symmetry,M4,42,101,0.75,16,decoded_one_hot,0.75,1.0000000000000002,0.01168985510110026
field_symmetry,M2,42,101,0.5,16,full_hidden,0.2977212549133675,0.40061021050363604,1.0
field_symmetry,M2,42,101,0.5,16,standardized_hidden,0.33261641957014737,0.3633896223341541,0.39269613142198173
field_symmetry,M2,42,101,0.5,16,source_contrast_rowspace,0.38707060434241414,0.8336766550039226,0.4358566984163807
field_symmetry,M2,42,101,0.5,16,source_contrast_nullspace,0.09671726389342625,0.06602339512364759,0.5641433015836195
field_symmetry,M2,42,101,0.5,16,centered_logits,0.4238747823071865,0.8492165012141477,5.18582198792174
field_symmetry,M2,42,101,0.5,16,source_probabilities,0.49999972605163795,0.999999999982542,0.014826775502210785
field_symmetry,M2,42,101,0.5,16,decoded_one_hot,0.5,1.0000000000000002,0.014826921109562964
field_symmetry,M3,42,101,0.5,16,full_hidden,0.3631287210759795,0.4453336507025418,1.0
field_symmetry,M3,42,101,0.5,16,standardized_hidden,0.37083802793929266,0.42326697782848755,0.3613163795594096
field_symmetry,M3,42,101,0.5,16,source_contrast_rowspace,0.4352732086230477,0.8167390614267882,0.5059288246216573
field_symmetry,M3,42,101,0.5,16,source_contrast_nullspace,0.11352631809651592,0.06501455444692432,0.4940711753783427
field_symmetry,M3,42,101,0.5,16,centered_logits,0.49367344406801794,0.8676844861706499,7.061818555468289
field_symmetry,M3,42,101,0.5,16,source_probabilities,0.49999948529090926,0.9999999999798463,0.014368766520652384
field_symmetry,M3,42,101,0.5,16,decoded_one_hot,0.5,1.0000000000000002,0.014368908161762102
field_symmetry,P,101,17,1.0,16,full_hidden,0.27197072026109365,0.33514704394791756,1.0
field_symmetry,P,101,17,1.0,16,standardized_hidden,0.2572948184385947,0.34478757106623537,0.23655401078949148
field_symmetry,P,101,17,1.0,16,source_contrast_rowspace,0.5394704992892353,0.7973904700691746,0.35352249046798156
field_symmetry,P,101,17,1.0,16,source_contrast_nullspace,0.05551655300813124,0.08237189741090452,0.6464775095320188
field_symmetry,P,101,17,1.0,16,centered_logits,0.3412293203064523,0.8194523917848683,5.6872065494583115
field_symmetry,P,101,17,1.0,16,source_probabilities,0.999999999846087,0.9999999999495474,0.00964377533550678
field_symmetry,P,101,17,1.0,16,decoded_one_hot,1.0,1.0000000000000002,0.009643898024816664
field_symmetry,M1,101,17,0.75,16,full_hidden,0.30266790341123895,0.4251083738598821,1.0
field_symmetry,M1,101,17,0.75,16,standardized_hidden,0.25755263904383513,0.3764515594917643,0.3515546922848784
field_symmetry,M1,101,17,0.75,16,source_contrast_rowspace,0.4069956272551697,0.8533744709275293,0.4304857975479453
field_symmetry,M1,101,17,0.75,16,source_contrast_nullspace,0.1013410565596528,0.10138954197625974,0.5695142024520548
field_symmetry,M1,101,17,0.75,16,centered_logits,0.711045470067416,0.8631956198400328,4.709617867921912
field_symmetry,M1,101,17,0.75,16,source_probabilities,0.749998314947725,0.9999999999770736,0.012352522098957743
field_symmetry,M1,101,17,0.75,16,decoded_one_hot,0.75,1.0000000000000002,0.012352649423623706
field_symmetry,M4,101,17,0.75,16,full_hidden,0.24902613640267368,0.3398154360139665,1.0
field_symmetry,M4,101,17,0.75,16,standardized_hidden,0.16698202562399203,0.3330565214271084,0.24458412295946996
field_symmetry,M4,101,17,0.75,16,source_contrast_rowspace,0.4158230168754443,0.7815465637218371,0.37166337764516727
field_symmetry,M4,101,17,0.75,16,source_contrast_nullspace,0.0817011042115156,0.07852988127480125,0.6283366223548329
field_symmetry,M4,101,17,0.75,16,centered_logits,0.789494757476123,0.8399755373603821,6.144838286892348
field_symmetry,M4,101,17,0.75,16,source_probabilities,0.7499965896300245,0.9999999999512289,0.009981031951406883
field_symmetry,M4,101,17,0.75,16,decoded_one_hot,0.75,1.0000000000000002,0.009981179619053595
field_symmetry,M2,101,17,0.5,16,full_hidden,0.2062558579412846,0.3860115321082371,1.0
field_symmetry,M2,101,17,0.5,16,standardized_hidden,0.15024562288376905,0.36230437668473797,0.26053723628103354
field_symmetry,M2,101,17,0.5,16,source_contrast_rowspace,0.31121445457335295,0.8364768364771787,0.4019325543640734
field_symmetry,M2,101,17,0.5,16,source_contrast_nullspace,0.06126725809085214,0.08327532441366775,0.5980674456359268
field_symmetry,M2,101,17,0.5,16,centered_logits,0.6119124149112638,0.8666796872101834,5.678598682748695
field_symmetry,M2,101,17,0.5,16,source_probabilities,0.4999979942702548,0.9999999999662276,0.011112604953354517
field_symmetry,M2,101,17,0.5,16,decoded_one_hot,0.5,1.0000000000000002,0.011112739161149047
field_symmetry,M3,101,17,0.5,16,full_hidden,0.17536973018451515,0.42844399669620925,1.0
field_symmetry,M3,101,17,0.5,16,standardized_hidden,0.13980493290824625,0.45159758913453163,0.24375684462266814
field_symmetry,M3,101,17,0.5,16,source_contrast_rowspace,0.37988472810741325,0.8924925917772202,0.43426687224819804
field_symmetry,M3,101,17,0.5,16,source_contrast_nullspace,0.02291509601616533,0.07223199129741589,0.5657331277518021
field_symmetry,M3,101,17,0.5,16,centered_logits,0.48414138595930784,0.9565303881075357,7.538184587257983
field_symmetry,M3,101,17,0.5,16,source_probabilities,0.4999993693197516,0.9999999999702343,0.01083046340353413
field_symmetry,M3,101,17,0.5,16,decoded_one_hot,0.5,1.0000000000000002,0.010830605516032673
field_symmetry,P,101,42,1.0,16,full_hidden,0.2732358619519709,0.31421686677540384,1.0
field_symmetry,P,101,42,1.0,16,standardized_hidden,0.23526389873334827,0.28223624117860174,0.2049672541111502
field_symmetry,P,101,42,1.0,16,source_contrast_rowspace,0.6225430729505447,0.7776450564872645,0.33991882081782854
field_symmetry,P,101,42,1.0,16,source_contrast_nullspace,0.05598742180197963,0.07556748735245027,0.6600811791821716
field_symmetry,P,101,42,1.0,16,centered_logits,0.5427269514299015,0.8781462012261143,6.83288593788508
field_symmetry,P,101,42,1.0,16,source_probabilities,0.9999999996814661,0.9999999999073121,0.00802718198360244
field_symmetry,P,101,42,1.0,16,decoded_one_hot,1.0,1.0000000000000002,0.00802733296838877
field_symmetry,M1,101,42,0.75,16,full_hidden,0.3072369397521481,0.39075627270456437,1.0
field_symmetry,M1,101,42,0.75,16,standardized_hidden,0.2505457084144261,0.3650654124708262,0.26791918289041644
field_symmetry,M1,101,42,0.75,16,source_contrast_rowspace,0.5640116492067201,0.8440955148939076,0.39930220727589877
field_symmetry,M1,101,42,0.75,16,source_contrast_nullspace,0.05566798340152402,0.08940780390116793,0.6006977927241014
field_symmetry,M1,101,42,0.75,16,centered_logits,0.8314951953797545,0.8808283251352285,5.4976520172004655
field_symmetry,M1,101,42,0.75,16,source_probabilities,0.7499971792867011,0.9999999999600638,0.010464338760585659
field_symmetry,M1,101,42,0.75,16,decoded_one_hot,0.75,1.0000000000000002,0.010464474910804118
field_symmetry,M4,101,42,0.75,16,full_hidden,0.2900843223248268,0.3352012816563641,1.0
field_symmetry,M4,101,42,0.75,16,standardized_hidden,0.19852260570846023,0.30217919245380853,0.22201275882928154
field_symmetry,M4,101,42,0.75,16,source_contrast_rowspace,0.5162777942162535,0.7839508328267476,0.359621944095366
field_symmetry,M4,101,42,0.75,16,source_contrast_nullspace,0.08741495526662715,0.08319360507250366,0.6403780559046338
field_symmetry,M4,101,42,0.75,16,centered_logits,0.7915501907435051,0.858815512746472,6.828524502111744
field_symmetry,M4,101,42,0.75,16,source_probabilities,0.749994773127734,0.9999999999175025,0.0089073346165173
field_symmetry,M4,101,42,0.75,16,decoded_one_hot,0.75,1.0000000000000002,0.008907500429957216
field_symmetry,M2,101,42,0.5,16,full_hidden,0.30070549451577505,0.383549002873331,1.0
field_symmetry,M2,101,42,0.5,16,standardized_hidden,0.1679899207636652,0.3625476128515782,0.24860962869120973
field_symmetry,M2,101,42,0.5,16,source_contrast_rowspace,0.49470891597587563,0.8311182130811612,0.39971218742932096
field_symmetry,M2,101,42,0.5,16,source_contrast_nullspace,0.06133031351158766,0.08552718018786437,0.6002878125706789
field_symmetry,M2,101,42,0.5,16,centered_logits,0.8412523447238276,0.898285203210572,5.75980979911071
field_symmetry,M2,101,42,0.5,16,source_probabilities,0.4999956764053137,0.999999999956227,0.010468322238873657
field_symmetry,M2,101,42,0.5,16,decoded_one_hot,0.5,1.0000000000000002,0.010468465547431433
field_symmetry,M3,101,42,0.5,16,full_hidden,0.20014817311647054,0.3469057957321278,1.0
field_symmetry,M3,101,42,0.5,16,standardized_hidden,0.10303433174443401,0.34689416746861723,0.24531397645249683
field_symmetry,M3,101,42,0.5,16,source_contrast_rowspace,0.37081069130009237,0.8316992151322901,0.3665116808479106
field_symmetry,M3,101,42,0.5,16,source_contrast_nullspace,0.05729152624426022,0.0664231954433272,0.6334883191520896
field_symmetry,M3,101,42,0.5,16,centered_logits,0.45361345172070056,0.9223071317964292,7.452313655075983
field_symmetry,M3,101,42,0.5,16,source_probabilities,0.4999984252980494,0.9999999999332608,0.009161084922784208
field_symmetry,M3,101,42,0.5,16,decoded_one_hot,0.5,1.0000000000000002,0.009161232550698358
field_symmetry,P,101,101,1.0,16,full_hidden,0.30288149082843263,0.30713823094267173,1.0
field_symmetry,P,101,101,1.0,16,standardized_hidden,0.20584483663234182,0.29108494397591117,0.24850955751121095
field_symmetry,P,101,101,1.0,16,source_contrast_rowspace,0.5178393291255532,0.7620283201403137,0.3441693163295612
field_symmetry,P,101,101,1.0,16,source_contrast_nullspace,0.08588791087068079,0.06841928274091583,0.6558306836704386
field_symmetry,P,101,101,1.0,16,centered_logits,0.6789669250493722,0.7680338558044404,4.959291747996156
field_symmetry,P,101,101,1.0,16,source_probabilities,0.9999999998953961,0.9999999999562244,0.009315424600051223
field_symmetry,P,101,101,1.0,16,decoded_one_hot,1.0,1.0000000000000002,0.009315544970987862
field_symmetry,M1,101,101,0.75,16,full_hidden,0.3248089077975349,0.37322408032743354,1.0
field_symmetry,M1,101,101,0.75,16,standardized_hidden,0.20666468893841142,0.35235615291338807,0.2811249685202566
field_symmetry,M1,101,101,0.75,16,source_contrast_rowspace,0.4829798589330075,0.8248674901082819,0.3881430918943869
field_symmetry,M1,101,101,0.75,16,source_contrast_nullspace,0.12636015690746275,0.08671547482877195,0.6118569081056132
field_symmetry,M1,101,101,0.75,16,centered_logits,0.7591567939247237,0.8505284342919477,5.111417657125034
field_symmetry,M1,101,101,0.75,16,source_probabilities,0.7499971425660655,0.9999999999646088,0.01086569587228167
field_symmetry,M1,101,101,0.75,16,decoded_one_hot,0.75,1.0000000000000002,0.010865827122622716
field_symmetry,M4,101,101,0.75,16,full_hidden,0.23070911461642818,0.29455680076926505,1.0
field_symmetry,M4,101,101,0.75,16,standardized_hidden,0.1468378264444956,0.28447840418740067,0.22938312115185586
field_symmetry,M4,101,101,0.75,16,source_contrast_rowspace,0.38562635424747904,0.7474480806621066,0.3369345873702432
field_symmetry,M4,101,101,0.75,16,source_contrast_nullspace,0.09894336124901386,0.06442153265284165,0.6630654126297568
field_symmetry,M4,101,101,0.75,16,centered_logits,0.7296038916474921,0.8101552223730876,5.521617129890269
field_symmetry,M4,101,101,0.75,16,source_probabilities,0.749995524305523,0.9999999999380645,0.008769580300755957
field_symmetry,M4,101,101,0.75,16,decoded_one_hot,0.75,1.0000000000000002,0.008769720134684574
field_symmetry,M2,101,101,0.5,16,full_hidden,0.1653339945127954,0.39611966766823453,1.0
field_symmetry,M2,101,101,0.5,16,standardized_hidden,0.08541065703894836,0.36810258426601433,0.28973945804839346
field_symmetry,M2,101,101,0.5,16,source_contrast_rowspace,0.19407324819888092,0.8295393001413655,0.4069653124282522
field_symmetry,M2,101,101,0.5,16,source_contrast_nullspace,0.07402382652351584,0.09868891051606357,0.5930346875717477
field_symmetry,M2,101,101,0.5,16,centered_logits,0.13581415266673771,0.8864877835895191,6.2879361515744305
field_symmetry,M2,101,101,0.5,16,source_probabilities,0.49999811862035504,0.999999999957623,0.010339202077783506
field_symmetry,M2,101,101,0.5,16,decoded_one_hot,0.5,1.0000000000000002,0.010339339768733418
field_symmetry,M3,101,101,0.5,16,full_hidden,0.16504032084133505,0.3624930818816473,1.0
field_symmetry,M3,101,101,0.5,16,standardized_hidden,0.13177100200914554,0.3275008997240414,0.275777340644803
field_symmetry,M3,101,101,0.5,16,source_contrast_rowspace,0.26399414458153525,0.8071706765540483,0.38728208701433603
field_symmetry,M3,101,101,0.5,16,source_contrast_nullspace,0.0568501267222643,0.08142464359482375,0.612717912985664
field_symmetry,M3,101,101,0.5,16,centered_logits,0.4011485114213908,0.8043547903952925,4.474433250039055
field_symmetry,M3,101,101,0.5,16,source_probabilities,0.499999431095394,0.9999999999653738,0.010797233954873307
field_symmetry,M3,101,101,0.5,16,decoded_one_hot,0.5,1.0000000000000002,0.010797353763684054
field_matched_support,P,271,17,1.0,16,full_hidden,0.6850916880448016,0.5412484940164634,1.0
field_matched_support,P,271,17,1.0,16,standardized_hidden,0.48857871324264346,0.379696561748589,0.25959130616489573
field_matched_support,P,271,17,1.0,16,source_contrast_rowspace,0.8365367550721851,0.844351016782635,0.48442208898881955
field_matched_support,P,271,17,1.0,16,source_contrast_nullspace,0.27182997519728397,0.2564621326919458,0.5155779110111806
field_matched_support,P,271,17,1.0,16,centered_logits,0.8719726355140436,0.9136498589923736,10.645012704100504
field_matched_support,P,271,17,1.0,16,source_probabilities,0.9999999997889869,0.9999999998864579,0.00987173914923049
field_matched_support,P,271,17,1.0,16,decoded_one_hot,1.0,1.0000000000000002,0.009871877746536275
field_matched_support,M1,271,17,0.75,16,full_hidden,0.31553432787314667,0.2881270391063914,1.0
field_matched_support,M1,271,17,0.75,16,standardized_hidden,0.18395514959869247,0.18606129871655108,0.2874705475710299
field_matched_support,M1,271,17,0.75,16,source_contrast_rowspace,0.5007852079059326,0.7200324906223213,0.3355599520963438
field_matched_support,M1,271,17,0.75,16,source_contrast_nullspace,0.10641905188364631,0.07000326243444377,0.664440047903656
field_matched_support,M1,271,17,0.75,16,centered_logits,0.4752594354882493,0.8518357584390653,9.757314296488914
field_matched_support,M1,271,17,0.75,16,source_probabilities,0.7499991100227763,0.9999999999048246,0.008303564467480111
field_matched_support,M1,271,17,0.75,16,decoded_one_hot,0.75,1.0000000000000002,0.008303713951571284
field_matched_support,M2,271,17,0.5,16,full_hidden,0.15603796229942812,0.22521308215967442,1.0
field_matched_support,M2,271,17,0.5,16,standardized_hidden,0.1312779394876146,0.18617756347196313,0.20584505069160255
field_matched_support,M2,271,17,0.5,16,source_contrast_rowspace,0.2026820777622145,0.6196085597392268,0.30475548629087584
field_matched_support,M2,271,17,0.5,16,source_contrast_nullspace,0.09934185796962197,0.052332630475929856,0.6952445137091241
field_matched_support,M2,271,17,0.5,16,centered_logits,0.2986352494721742,0.6903449540636976,6.654110067308188
field_matched_support,M2,271,17,0.5,16,source_probabilities,0.49999897396392434,0.9999999999292598,0.007721133543798919
field_matched_support,M2,271,17,0.5,16,decoded_one_hot,0.49999999999999994,1.0000000000000002,0.007721251615496485
field_matched_support,P,271,42,1.0,16,full_hidden,0.41453895429505677,0.3134878541069853,1.0
field_matched_support,P,271,42,1.0,16,standardized_hidden,0.23381719351158906,0.25944259396566843,0.48217489344653436
field_matched_support,P,271,42,1.0,16,source_contrast_rowspace,0.6529975133104963,0.7168844234604265,0.3627469360401006
field_matched_support,P,271,42,1.0,16,source_contrast_nullspace,0.13802580818761537,0.08386028883056772,0.6372530639598991
field_matched_support,P,271,42,1.0,16,centered_logits,0.7133280455577451,0.8207292357075223,8.1813659050991
field_matched_support,P,271,42,1.0,16,source_probabilities,0.9999999998198889,0.9999999999039735,0.008659669472972729
field_matched_support,P,271,42,1.0,16,decoded_one_hot,1.0,1.0000000000000002,0.008659816111889696
field_matched_support,M1,271,42,0.75,16,full_hidden,0.36862739978856046,0.4533663522918754,1.0
field_matched_support,M1,271,42,0.75,16,standardized_hidden,0.25677517387636983,0.3220064642470803,0.23284900647511458
field_matched_support,M1,271,42,0.75,16,source_contrast_rowspace,0.5287736974723506,0.812259428715568,0.42104711665004224
field_matched_support,M1,271,42,0.75,16,source_contrast_nullspace,0.1421355011641871,0.19235911083986698,0.5789528833499579
field_matched_support,M1,271,42,0.75,16,centered_logits,0.6296505734937523,0.9385358048789076,11.594059390918256
field_matched_support,M1,271,42,0.75,16,source_probabilities,0.7499981489980834,0.9999999998469714,0.008750140290923043
field_matched_support,M1,271,42,0.75,16,decoded_one_hot,0.75,1.0000000000000002,0.008750293264571088
field_matched_support,M2,271,42,0.5,16,full_hidden,0.23353534759583222,0.3392321468164131,1.0
field_matched_support,M2,271,42,0.5,16,standardized_hidden,0.2005518718151933,0.2944599119319623,0.24729971305234497
field_matched_support,M2,271,42,0.5,16,source_contrast_rowspace,0.2636712937936069,0.7602287497754618,0.3635413955282232
field_matched_support,M2,271,42,0.5,16,source_contrast_nullspace,0.12938488222790653,0.09876137389097497,0.6364586044717769
field_matched_support,M2,271,42,0.5,16,centered_logits,0.2772625809595166,0.8989856416236195,10.056578795048928
field_matched_support,M2,271,42,0.5,16,source_probabilities,0.5000004296236799,0.9999999998856893,0.008667315371881822
field_matched_support,M2,271,42,0.5,16,decoded_one_hot,0.49999999999999994,1.0000000000000002,0.008667457058634769
field_matched_support,P,271,101,1.0,16,full_hidden,0.655538756365305,0.490980811948971,1.0
field_matched_support,P,271,101,1.0,16,standardized_hidden,0.4964289969846283,0.39695973169581467,0.26035647861417355
field_matched_support,P,271,101,1.0,16,source_contrast_rowspace,0.8559051436545104,0.8372743998344834,0.44413265280354447
field_matched_support,P,271,101,1.0,16,source_contrast_nullspace,0.2310998025336103,0.21429557290381138,0.5558673471964554
field_matched_support,P,271,101,1.0,16,centered_logits,0.887313673678982,0.9304233220534953,10.386204869029463
field_matched_support,P,271,101,1.0,16,source_probabilities,0.9999999998036917,0.999999999901499,0.010064034107355308
field_matched_support,P,271,101,1.0,16,decoded_one_hot,1.0,1.0000000000000002,0.010064169691539449
field_matched_support,M1,271,101,0.75,16,full_hidden,0.41229923159916887,0.3977307343807912,1.0
field_matched_support,M1,271,101,0.75,16,standardized_hidden,0.34951450514043747,0.28912700904186284,0.32208955458795474
field_matched_support,M1,271,101,0.75,16,source_contrast_rowspace,0.5222633968285233,0.7910983205934787,0.4205345392350237
field_matched_support,M1,271,101,0.75,16,source_contrast_nullspace,0.15563401769508853,0.11225270709757394,0.5794654607649765
field_matched_support,M1,271,101,0.75,16,centered_logits,0.5523935189221557,0.9026337671674529,10.51449452117602
field_matched_support,M1,271,101,0.75,16,source_probabilities,0.7499998020854247,0.9999999999027201,0.009489846467377534
field_matched_support,M1,271,101,0.75,16,decoded_one_hot,0.75,1.0000000000000002,0.009489988779343695
field_matched_support,M2,271,101,0.5,16,full_hidden,0.4321926305908405,0.45523905387660896,1.0
field_matched_support,M2,271,101,0.5,16,standardized_hidden,0.3277824053479624,0.32334815402633144,0.2833193981824419
field_matched_support,M2,271,101,0.5,16,source_contrast_rowspace,0.5520121907440484,0.8078732176113907,0.4210576906753181
field_matched_support,M2,271,101,0.5,16,source_contrast_nullspace,0.16189375543914358,0.19877252129828424,0.5789423093246822
field_matched_support,M2,271,101,0.5,16,centered_logits,0.7707027865745095,0.8711508905298133,7.833668335743469
field_matched_support,M2,271,101,0.5,16,source_probabilities,0.49999944819400755,0.9999999999126058,0.010750040812391731
field_matched_support,M2,271,101,0.5,16,decoded_one_hot,0.49999999999999994,1.0000000000000002,0.010750168548499004
field_matched_support,P,314,17,1.0,16,full_hidden,0.1672436973744362,0.2904445368301817,1.0
field_matched_support,P,314,17,1.0,16,standardized_hidden,0.11469072823586057,0.19413232988370374,0.2704215311434052
field_matched_support,P,314,17,1.0,16,source_contrast_rowspace,0.24012517939227326,0.7091580958919117,0.3415554295369738
field_matched_support,P,314,17,1.0,16,source_contrast_nullspace,0.08298527227289877,0.07324494868912493,0.6584445704630261
field_matched_support,P,314,17,1.0,16,centered_logits,0.18687445232025723,0.8419791263344261,8.93491491846785
field_matched_support,P,314,17,1.0,16,source_probabilities,0.999999999787167,0.9999999999153147,0.008425132034616261
field_matched_support,P,314,17,1.0,16,decoded_one_hot,1.0,1.0000000000000002,0.00842527932856352
field_matched_support,M1,314,17,0.75,16,full_hidden,0.39214614755236044,0.38565616833388355,1.0
field_matched_support,M1,314,17,0.75,16,standardized_hidden,0.24038391089012653,0.2951226570639981,0.30121318579087997
field_matched_support,M1,314,17,0.75,16,source_contrast_rowspace,0.5238857969065753,0.7796899113951948,0.39715867056515564
field_matched_support,M1,314,17,0.75,16,source_contrast_nullspace,0.13578146919040426,0.1260622919506016,0.6028413294348446
field_matched_support,M1,314,17,0.75,16,centered_logits,0.5511627739451874,0.9078756034505575,10.59019723316134
field_matched_support,M1,314,17,0.75,16,source_probabilities,0.749998513778762,0.9999999998924097,0.009059781254622812
field_matched_support,M1,314,17,0.75,16,decoded_one_hot,0.75,1.0000000000000002,0.009059931593520101
field_matched_support,M2,314,17,0.5,16,full_hidden,0.31313506278335723,0.45370986504014427,1.0
field_matched_support,M2,314,17,0.5,16,standardized_hidden,0.20908743546524844,0.29975116570289057,0.23335978145381572
field_matched_support,M2,314,17,0.5,16,source_contrast_rowspace,0.3767327417454765,0.8195288141987359,0.43927736591730326
field_matched_support,M2,314,17,0.5,16,source_contrast_nullspace,0.13235971634567145,0.16712256746848597,0.5607226340826971
field_matched_support,M2,314,17,0.5,16,centered_logits,0.32826617175440626,0.9212150172442399,11.221423081243385
field_matched_support,M2,314,17,0.5,16,source_probabilities,0.49999938581065695,0.9999999998369704,0.008965804554753312
field_matched_support,M2,314,17,0.5,16,decoded_one_hot,0.49999999999999944,1.0000000000000002,0.008965958913615216
field_matched_support,P,314,42,1.0,16,full_hidden,0.18792326086942404,0.42032085760842575,1.0
field_matched_support,P,314,42,1.0,16,standardized_hidden,0.1823541280323058,0.3619429817806085,0.3412370897412267
field_matched_support,P,314,42,1.0,16,source_contrast_rowspace,0.25986899419067644,0.7953706372585982,0.4274270596431342
field_matched_support,P,314,42,1.0,16,source_contrast_nullspace,0.07215099489335809,0.14034530648341972,0.5725729403568655
field_matched_support,P,314,42,1.0,16,centered_logits,0.2622370148619669,0.9121812568851386,11.192976410599263
field_matched_support,P,314,42,1.0,16,source_probabilities,0.9999999997378093,0.9999999998886757,0.008905269471515601
field_matched_support,P,314,42,1.0,16,decoded_one_hot,1.0,1.0000000000000002,0.008905436769346343
field_matched_support,M1,314,42,0.75,16,full_hidden,0.3368555521815121,0.3510896175948802,1.0
field_matched_support,M1,314,42,0.75,16,standardized_hidden,0.12378462390652441,0.19776980462009244,0.3129845939485614
field_matched_support,M1,314,42,0.75,16,source_contrast_rowspace,0.4881396032261772,0.7351018764333912,0.3726161169584673
field_matched_support,M1,314,42,0.75,16,source_contrast_nullspace,0.1155872858942189,0.1230168847424433,0.6273838830415326
field_matched_support,M1,314,42,0.75,16,centered_logits,0.5361473192535086,0.8600109043587698,10.043083075825892
field_matched_support,M1,314,42,0.75,16,source_probabilities,0.749999429885866,0.9999999998376332,0.008217669820809636
field_matched_support,M1,314,42,0.75,16,decoded_one_hot,0.75,1.0000000000000002,0.008217816498105691
field_matched_support,M2,314,42,0.5,16,full_hidden,0.24573136791916186,0.3566766963719431,1.0
field_matched_support,M2,314,42,0.5,16,standardized_hidden,0.14193633622143864,0.20406876628438136,0.24242656261119233
field_matched_support,M2,314,42,0.5,16,source_contrast_rowspace,0.31872826931722364,0.7496260918361415,0.3811726949519132
field_matched_support,M2,314,42,0.5,16,source_contrast_nullspace,0.09649336955774669,0.11463569587476145,0.6188273050480867
field_matched_support,M2,314,42,0.5,16,centered_logits,0.3022860640288645,0.8811869039666774,10.561833843625154
field_matched_support,M2,314,42,0.5,16,source_probabilities,0.500000600328977,0.9999999998239222,0.008123251536730785
field_matched_support,M2,314,42,0.5,16,decoded_one_hot,0.49999999999999944,1.0000000000000002,0.008123416513784749
field_matched_support,P,314,101,1.0,16,full_hidden,0.31894017007976827,0.4428787696081474,1.0
field_matched_support,P,314,101,1.0,16,standardized_hidden,0.327708182624682,0.4096922929517696,0.28848896401451407
field_matched_support,P,314,101,1.0,16,source_contrast_rowspace,0.37875147113191676,0.812904767361636,0.434102683301995
field_matched_support,P,314,101,1.0,16,source_contrast_nullspace,0.12317751191729408,0.1590299621008868,0.5658973166980052
field_matched_support,P,314,101,1.0,16,centered_logits,0.3626967020557604,0.908764347470538,10.236668647039906
field_matched_support,P,314,101,1.0,16,source_probabilities,0.9999999997943102,0.999999999906958,0.010188098828722368
field_matched_support,P,314,101,1.0,16,decoded_one_hot,1.0,1.0000000000000002,0.010188243900839018
field_matched_support,M1,314,101,0.75,16,full_hidden,0.3507107966615935,0.37804825322849184,1.0
field_matched_support,M1,314,101,0.75,16,standardized_hidden,0.2347711646741094,0.2746752388090868,0.30902770139780306
field_matched_support,M1,314,101,0.75,16,source_contrast_rowspace,0.4811788794623272,0.7874934288702109,0.41228335684401224
field_matched_support,M1,314,101,0.75,16,source_contrast_nullspace,0.09788125002176658,0.09082237078508722,0.5877166431559878
field_matched_support,M1,314,101,0.75,16,centered_logits,0.5280885880723142,0.9063773932747448,10.608119570653121
field_matched_support,M1,314,101,0.75,16,source_probabilities,0.7499994463378832,0.9999999999251936,0.009850263598366655
field_matched_support,M1,314,101,0.75,16,decoded_one_hot,0.75,1.0000000000000002,0.009850407944704525
field_matched_support,M2,314,101,0.5,16,full_hidden,0.2515818762844612,0.45588167690736453,1.0
field_matched_support,M2,314,101,0.5,16,standardized_hidden,0.16277504656377767,0.2470596215193835,0.3056119770793579
field_matched_support,M2,314,101,0.5,16,source_contrast_rowspace,0.3075564109689931,0.8227047760305191,0.4267381578454452
field_matched_support,M2,314,101,0.5,16,source_contrast_nullspace,0.11004715150191954,0.1828172549206505,0.5732618421545546
field_matched_support,M2,314,101,0.5,16,centered_logits,0.30418507757418706,0.9355053352158853,10.622902375681639
field_matched_support,M2,314,101,0.5,16,source_probabilities,0.5000002603378139,0.9999999998822957,0.009266475422120904
field_matched_support,M2,314,101,0.5,16,decoded_one_hot,0.49999999999999944,1.0000000000000002,0.009266613315693638
field_matched_support,P,593,17,1.0,16,full_hidden,0.6018876530387252,0.4601129496526445,1.0
field_matched_support,P,593,17,1.0,16,standardized_hidden,0.32306988442730394,0.29635970764436886,0.26463093073422156
field_matched_support,P,593,17,1.0,16,source_contrast_rowspace,0.8490047508717542,0.8355705494884859,0.4101270120718777
field_matched_support,P,593,17,1.0,16,source_contrast_nullspace,0.23834612002136868,0.19906471260552672,0.5898729879281226
field_matched_support,P,593,17,1.0,16,centered_logits,0.8827415940909157,0.9279776634609875,11.695823087939083
field_matched_support,P,593,17,1.0,16,source_probabilities,0.9999999997868944,0.9999999998751954,0.008742409453739056
field_matched_support,P,593,17,1.0,16,decoded_one_hot,1.0,1.0000000000000002,0.008742563882906824
field_matched_support,M1,593,17,0.75,16,full_hidden,0.5185058877229511,0.5054511359234447,1.0
field_matched_support,M1,593,17,0.75,16,standardized_hidden,0.2462151440227477,0.30651150486323103,0.22833743388590347
field_matched_support,M1,593,17,0.75,16,source_contrast_rowspace,0.6625040331124527,0.8485994502627958,0.40404352393162235
field_matched_support,M1,593,17,0.75,16,source_contrast_nullspace,0.26671293483511094,0.2728051966234081,0.5959564760683778
field_matched_support,M1,593,17,0.75,16,centered_logits,0.6172231106502792,0.9277793583596843,11.677558407965446
field_matched_support,M1,593,17,0.75,16,source_probabilities,0.7499974806525594,0.9999999994640307,0.008061451846699636
field_matched_support,M1,593,17,0.75,16,decoded_one_hot,0.75,1.0000000000000002,0.00806164574041536
field_matched_support,M2,593,17,0.5,16,full_hidden,0.3589425569673433,0.5605503689525574,1.0
field_matched_support,M2,593,17,0.5,16,standardized_hidden,0.19888618271961894,0.35495031889804984,0.3262905733397191
field_matched_support,M2,593,17,0.5,16,source_contrast_rowspace,0.4337908534182438,0.893048718112708,0.4670731970635321
field_matched_support,M2,593,17,0.5,16,source_contrast_nullspace,0.16018021166819416,0.26913874149291944,0.5329268029364681
field_matched_support,M2,593,17,0.5,16,centered_logits,0.4182696464511911,0.960458016526534,12.343369708934619
field_matched_support,M2,593,17,0.5,16,source_probabilities,0.49999785091507765,0.9999999998471099,0.009406440603173616
field_matched_support,M2,593,17,0.5,16,decoded_one_hot,0.5,1.0000000000000002,0.009406601906078784
field_matched_support,P,593,42,1.0,16,full_hidden,0.2979152475561367,0.2448255113820174,1.0
field_matched_support,P,593,42,1.0,16,standardized_hidden,0.205577854742758,0.21705411170832864,0.27750944480682116
field_matched_support,P,593,42,1.0,16,source_contrast_rowspace,0.61776832583398,0.6893393625763716,0.2995612981024454
field_matched_support,P,593,42,1.0,16,source_contrast_nullspace,0.09759480634762051,0.05471730358659245,0.7004387018975545
field_matched_support,P,593,42,1.0,16,centered_logits,0.7031559559869558,0.7821811216986402,7.09225431137638
field_matched_support,P,593,42,1.0,16,source_probabilities,0.9999999997673734,0.9999999998781742,0.00813519162690942
field_matched_support,P,593,42,1.0,16,decoded_one_hot,1.0,1.0000000000000002,0.00813532375281507
field_matched_support,M1,593,42,0.75,16,full_hidden,0.38592701640433763,0.41724651138927504,1.0
field_matched_support,M1,593,42,0.75,16,standardized_hidden,0.22304031326179888,0.23492057698936417,0.24209032585285692
field_matched_support,M1,593,42,0.75,16,source_contrast_rowspace,0.5003640857346207,0.7840121784754353,0.42412481566564314
field_matched_support,M1,593,42,0.75,16,source_contrast_nullspace,0.14869082902553385,0.14712821982717794,0.5758751843343569
field_matched_support,M1,593,42,0.75,16,centered_logits,0.5518749557809408,0.894745721845491,11.881970878913052
field_matched_support,M1,593,42,0.75,16,source_probabilities,0.749998887755043,0.9999999998262282,0.007811645151485191
field_matched_support,M1,593,42,0.75,16,decoded_one_hot,0.75,1.0000000000000002,0.007811785263471738
field_matched_support,M2,593,42,0.5,16,full_hidden,0.36530997305728363,0.5180505224571362,1.0
field_matched_support,M2,593,42,0.5,16,standardized_hidden,0.20786005395417068,0.35256848082840525,0.279488252465717
field_matched_support,M2,593,42,0.5,16,source_contrast_rowspace,0.40550672878233157,0.8412865960265675,0.4660496024146942
field_matched_support,M2,593,42,0.5,16,source_contrast_nullspace,0.1910785472120505,0.23591936522908544,0.533950397585306
field_matched_support,M2,593,42,0.5,16,centered_logits,0.43132520280096054,0.9461174051002061,12.527115426316728
field_matched_support,M2,593,42,0.5,16,source_probabilities,0.4999990788054049,0.9999999998367817,0.009138049874404048
field_matched_support,M2,593,42,0.5,16,decoded_one_hot,0.5,1.0000000000000002,0.009138207094445867
field_matched_support,P,593,101,1.0,16,full_hidden,0.695378823974272,0.48644968985357373,1.0
field_matched_support,P,593,101,1.0,16,standardized_hidden,0.48285421588293803,0.36897846963443176,0.3051806395115967
field_matched_support,P,593,101,1.0,16,source_contrast_rowspace,0.8599837404117091,0.8390318641920378,0.45715759190094646
field_matched_support,P,593,101,1.0,16,source_contrast_nullspace,0.23155671650748472,0.189520755483435,0.5428424080990535
field_matched_support,P,593,101,1.0,16,centered_logits,0.9079828549848324,0.9332977156842678,11.274234282887578
field_matched_support,P,593,101,1.0,16,source_probabilities,0.9999999997412143,0.9999999998449861,0.009917058768710555
field_matched_support,P,593,101,1.0,16,decoded_one_hot,1.0,1.0000000000000002,0.009917206939114463
field_matched_support,M1,593,101,0.75,16,full_hidden,0.5297289746526017,0.5246956662416568,1.0
field_matched_support,M1,593,101,0.75,16,standardized_hidden,0.39312739553435844,0.4349713396300474,0.23237897560004525
field_matched_support,M1,593,101,0.75,16,source_contrast_rowspace,0.6401949494115204,0.8502688656092379,0.483737446511832
field_matched_support,M1,593,101,0.75,16,source_contrast_nullspace,0.20523527720777376,0.21963393544081805,0.5162625534881682
field_matched_support,M1,593,101,0.75,16,centered_logits,0.6657191526820695,0.9442643908456874,12.198291259917294
field_matched_support,M1,593,101,0.75,16,source_probabilities,0.7499984368405883,0.9999999998860053,0.009505762441539346
field_matched_support,M1,593,101,0.75,16,decoded_one_hot,0.75,1.0000000000000002,0.009505904485720933
field_matched_support,M2,593,101,0.5,16,full_hidden,0.45573004270290424,0.5303104980786572,1.0
field_matched_support,M2,593,101,0.5,16,standardized_hidden,0.3281822271867524,0.3814729219720255,0.257388796038067
field_matched_support,M2,593,101,0.5,16,source_contrast_rowspace,0.4973037938650387,0.8354204779045846,0.502896747618597
field_matched_support,M2,593,101,0.5,16,source_contrast_nullspace,0.19704286795492224,0.2216446106893127,0.49710325238140257
field_matched_support,M2,593,101,0.5,16,centered_logits,0.5183391079257035,0.9221627201815662,11.153174723984177
field_matched_support,M2,593,101,0.5,16,source_probabilities,0.4999983072913916,0.9999999999034513,0.01044867695741004
field_matched_support,M2,593,101,0.5,16,decoded_one_hot,0.5,1.0000000000000002,0.010448827777180238
