task,seed,transform,test_numeric_accuracy
anti_fixed_points,17,identity,0.9188988095238095
anti_fixed_points,17,complement,0.9241071428571429
anti_fixed_points,17,inverse,0.9229910714285714
anti_fixed_points,42,identity,0.9966517857142857
anti_fixed_points,42,complement,0.9966517857142857
anti_fixed_points,42,inverse,0.9959077380952381
anti_fixed_points,101,identity,0.8374255952380952
anti_fixed_points,101,complement,0.8325892857142857
anti_fixed_points,101,inverse,0.828125
components,17,identity,0.9992559523809523
components,17,complement,0.9988839285714286
components,17,inverse,0.9985119047619048
components,42,identity,0.9992559523809523
components,42,complement,0.9992559523809523
components,42,inverse,0.9992559523809523
components,101,identity,0.9988839285714286
components,101,complement,0.9988839285714286
components,101,inverse,0.9988839285714286
deficiencies,17,identity,1.0
deficiencies,17,complement,0.9996279761904762
deficiencies,17,inverse,0.9992559523809523
deficiencies,42,identity,1.0
deficiencies,42,complement,1.0
deficiencies,42,inverse,0.9996279761904762
deficiencies,101,identity,0.9992559523809523
deficiencies,101,complement,0.9992559523809523
deficiencies,101,inverse,1.0
descents,17,identity,0.9988839285714286
descents,42,identity,0.9988839285714286
descents,101,identity,0.9992559523809523
exceedances,17,identity,0.9996279761904762
exceedances,42,identity,1.0
exceedances,101,identity,1.0
fixed_points,17,identity,1.0
fixed_points,42,identity,0.9996279761904762
fixed_points,101,identity,1.0
global_descents,17,identity,0.9981398809523809
global_descents,42,identity,0.9985119047619048
global_descents,101,identity,0.9992559523809523
lds_length,17,identity,0.9427083333333334
lds_length,17,complement,0.9412202380952381
lds_length,17,inverse,0.9334077380952381
lds_length,42,identity,0.9363839285714286
lds_length,42,complement,0.9322916666666666
lds_length,42,inverse,0.9296875
lds_length,101,identity,0.9263392857142857
lds_length,101,complement,0.9177827380952381
lds_length,101,inverse,0.9144345238095238
left_to_right_maxima,17,identity,0.9988839285714286
left_to_right_maxima,42,identity,0.9996279761904762
left_to_right_maxima,101,identity,0.9996279761904762
left_to_right_minima,17,identity,0.9992559523809523
left_to_right_minima,17,complement,0.9985119047619048
left_to_right_minima,17,inverse,0.9981398809523809
left_to_right_minima,42,identity,0.9996279761904762
left_to_right_minima,42,complement,0.9996279761904762
left_to_right_minima,42,inverse,0.9996279761904762
left_to_right_minima,101,identity,0.9985119047619048
left_to_right_minima,101,complement,0.9988839285714286
left_to_right_minima,101,inverse,0.9988839285714286
lis_length,17,identity,0.9642857142857143
lis_length,42,identity,0.9639136904761905
lis_length,101,identity,0.9683779761904762
longest_decreasing_run,17,identity,0.9985119047619048
longest_decreasing_run,17,complement,0.9992559523809523
longest_decreasing_run,17,inverse,0.9992559523809523
longest_decreasing_run,42,identity,0.9970238095238095
longest_decreasing_run,42,complement,0.9981398809523809
longest_decreasing_run,42,inverse,0.9992559523809523
longest_decreasing_run,101,identity,0.9988839285714286
longest_decreasing_run,101,complement,0.9996279761904762
longest_decreasing_run,101,inverse,1.0
longest_increasing_run,17,identity,0.9977678571428571
longest_increasing_run,42,identity,0.9992559523809523
longest_increasing_run,101,identity,0.9992559523809523
peaks,17,identity,0.7079613095238095
peaks,42,identity,0.6982886904761905
peaks,101,identity,0.8288690476190477
recoils,17,identity,0.7176339285714286
recoils,17,complement,0.7306547619047619
recoils,17,inverse,0.7228422619047619
recoils,42,identity,0.578125
recoils,42,complement,0.5732886904761905
recoils,42,inverse,0.5684523809523809
recoils,101,identity,0.7496279761904762
recoils,101,complement,0.7459077380952381
recoils,101,inverse,0.7395833333333334
valleys,17,identity,0.9739583333333334
valleys,17,complement,0.9720982142857143
valleys,17,inverse,0.9765625
valleys,42,identity,0.9854910714285714
valleys,42,complement,0.9895833333333334
valleys,42,inverse,0.9914434523809523
valleys,101,identity,0.8936011904761905
valleys,101,complement,0.9040178571428571
valleys,101,inverse,0.8965773809523809
