world_seed,model_seed,left,right,linear_cka
17,17,A110,A110,1.0
17,17,A110,B111,0.2928331863591144
17,17,A110,A120,0.3885753323347757
17,17,A110,B112,0.37411601149663165
17,17,A110,A210,0.39390241559677147
17,17,A110,B121,0.27013456025473725
17,17,A110,A140,0.25209952756914106
17,17,A110,B211,0.09494690828708029
17,17,B111,A110,0.2928331863591144
17,17,B111,B111,1.0
17,17,B111,A120,0.25397822164261086
17,17,B111,B112,0.23041967399281316
17,17,B111,A210,0.27363204632535154
17,17,B111,B121,0.25990862750387567
17,17,B111,A140,0.23800796218427317
17,17,B111,B211,0.24122940111577723
17,17,A120,A110,0.3885753323347757
17,17,A120,B111,0.2539782216426109
17,17,A120,A120,1.0
17,17,A120,B112,0.36432549556070865
17,17,A120,A210,0.40059026102863526
17,17,A120,B121,0.29454177584139657
17,17,A120,A140,0.28675546239703864
17,17,A120,B211,0.1727707412497517
17,17,B112,A110,0.37411601149663165
17,17,B112,B111,0.23041967399281313
17,17,B112,A120,0.36432549556070865
17,17,B112,B112,1.0
17,17,B112,A210,0.3798977241442435
17,17,B112,B121,0.25966797120660123
17,17,B112,A140,0.24985859037960922
17,17,B112,B211,0.1575364542552574
17,17,A210,A110,0.3939024155967715
17,17,A210,B111,0.27363204632535154
17,17,A210,A120,0.4005902610286353
17,17,A210,B112,0.37989772414424344
17,17,A210,A210,1.0
17,17,A210,B121,0.3293353524218248
17,17,A210,A140,0.3180927376482589
17,17,A210,B211,0.19137004997170667
17,17,B121,A110,0.27013456025473725
17,17,B121,B111,0.2599086275038756
17,17,B121,A120,0.29454177584139657
17,17,B121,B112,0.25966797120660123
17,17,B121,A210,0.3293353524218248
17,17,B121,B121,1.0
17,17,B121,A140,0.29745689124405617
17,17,B121,B211,0.22432732114910706
17,17,A140,A110,0.2520995275691411
17,17,A140,B111,0.23800796218427317
17,17,A140,A120,0.28675546239703864
17,17,A140,B112,0.24985859037960922
17,17,A140,A210,0.3180927376482589
17,17,A140,B121,0.29745689124405617
17,17,A140,A140,1.0
17,17,A140,B211,0.26855673878919445
17,17,B211,A110,0.09494690828708029
17,17,B211,B111,0.24122940111577723
17,17,B211,A120,0.1727707412497517
17,17,B211,B112,0.1575364542552574
17,17,B211,A210,0.19137004997170667
17,17,B211,B121,0.224327321149107
17,17,B211,A140,0.26855673878919445
17,17,B211,B211,1.0
17,42,A110,A110,1.0
17,42,A110,B111,0.3279275689756291
17,42,A110,A120,0.37357390851703876
17,42,A110,B112,0.36150398540215006
17,42,A110,A210,0.40382503631090694
17,42,A110,B121,0.3573485806993028
17,42,A110,A140,0.4092376637944701
17,42,A110,B211,0.20630458131705243
17,42,B111,A110,0.3279275689756291
17,42,B111,B111,1.0
17,42,B111,A120,0.25189393797374676
17,42,B111,B112,0.2748659806695758
17,42,B111,A210,0.2773777025696611
17,42,B111,B121,0.26370978814261653
17,42,B111,A140,0.24685964134305852
17,42,B111,B211,0.22850713268571224
17,42,A120,A110,0.37357390851703876
17,42,A120,B111,0.2518939379737468
17,42,A120,A120,1.0
17,42,A120,B112,0.30918230590607476
17,42,A120,A210,0.33221641944820146
17,42,A120,B121,0.3191576256467579
17,42,A120,A140,0.3579776253632732
17,42,A120,B211,0.2231747455540807
17,42,B112,A110,0.36150398540215006
17,42,B112,B111,0.27486598066957574
17,42,B112,A120,0.30918230590607476
17,42,B112,B112,1.0
17,42,B112,A210,0.33722509701909814
17,42,B112,B121,0.3290097989600881
17,42,B112,A140,0.3321314930703724
17,42,B112,B211,0.25623461348517257
17,42,A210,A110,0.40382503631090694
17,42,A210,B111,0.2773777025696611
17,42,A210,A120,0.3322164194482015
17,42,A210,B112,0.33722509701909814
17,42,A210,A210,1.0
17,42,A210,B121,0.35101542110154205
17,42,A210,A140,0.3563881821050361
17,42,A210,B211,0.22117327407769272
17,42,B121,A110,0.3573485806993027
17,42,B121,B111,0.2637097881426165
17,42,B121,A120,0.3191576256467579
17,42,B121,B112,0.3290097989600881
17,42,B121,A210,0.35101542110154205
17,42,B121,B121,1.0
17,42,B121,A140,0.3315357730933025
17,42,B121,B211,0.22881982039245008
17,42,A140,A110,0.4092376637944701
17,42,A140,B111,0.2468596413430585
17,42,A140,A120,0.3579776253632733
17,42,A140,B112,0.33213149307037243
17,42,A140,A210,0.3563881821050361
17,42,A140,B121,0.33153577309330257
17,42,A140,A140,1.0
17,42,A140,B211,0.21914554644305947
17,42,B211,A110,0.2063045813170524
17,42,B211,B111,0.22850713268571218
17,42,B211,A120,0.2231747455540807
17,42,B211,B112,0.25623461348517257
17,42,B211,A210,0.22117327407769272
17,42,B211,B121,0.22881982039245008
17,42,B211,A140,0.21914554644305947
17,42,B211,B211,1.0
17,101,A110,A110,1.0
17,101,A110,B111,0.3435156441921172
17,101,A110,A120,0.3217238983441416
17,101,A110,B112,0.34726626760142354
17,101,A110,A210,0.3412367539993953
17,101,A110,B121,0.31206740760534585
17,101,A110,A140,0.3896233564826838
17,101,A110,B211,0.35941857695193774
17,101,B111,A110,0.3435156441921172
17,101,B111,B111,1.0
17,101,B111,A120,0.22448517085985067
17,101,B111,B112,0.25203113277421474
17,101,B111,A210,0.2554018328650035
17,101,B111,B121,0.22119468072635345
17,101,B111,A140,0.24441434786786229
17,101,B111,B211,0.23715451531953932
17,101,A120,A110,0.3217238983441416
17,101,A120,B111,0.22448517085985067
17,101,A120,A120,1.0
17,101,A120,B112,0.27421139522370136
17,101,A120,A210,0.31160158723985176
17,101,A120,B121,0.29473213035054524
17,101,A120,A140,0.33042261148791763
17,101,A120,B211,0.3277418129420577
17,101,B112,A110,0.34726626760142354
17,101,B112,B111,0.25203113277421474
17,101,B112,A120,0.27421139522370136
17,101,B112,B112,1.0
17,101,B112,A210,0.318257269350901
17,101,B112,B121,0.28899342252081933
17,101,B112,A140,0.3190090084706867
17,101,B112,B211,0.27652956671832407
17,101,A210,A110,0.34123675399939524
17,101,A210,B111,0.25540183286500356
17,101,A210,A120,0.31160158723985176
17,101,A210,B112,0.318257269350901
17,101,A210,A210,1.0
17,101,A210,B121,0.3069432594816741
17,101,A210,A140,0.3456270617708861
17,101,A210,B211,0.3503132612520346
17,101,B121,A110,0.31206740760534585
17,101,B121,B111,0.2211946807263535
17,101,B121,A120,0.29473213035054524
17,101,B121,B112,0.28899342252081933
17,101,B121,A210,0.30694325948167406
17,101,B121,B121,1.0
17,101,B121,A140,0.35652971539574435
17,101,B121,B211,0.319409209295402
17,101,A140,A110,0.3896233564826838
17,101,A140,B111,0.24441434786786226
17,101,A140,A120,0.33042261148791763
17,101,A140,B112,0.3190090084706867
17,101,A140,A210,0.3456270617708861
17,101,A140,B121,0.35652971539574435
17,101,A140,A140,1.0
17,101,A140,B211,0.3658169043843961
17,101,B211,A110,0.35941857695193774
17,101,B211,B111,0.2371545153195393
17,101,B211,A120,0.3277418129420577
17,101,B211,B112,0.27652956671832407
17,101,B211,A210,0.3503132612520346
17,101,B211,B121,0.319409209295402
17,101,B211,A140,0.3658169043843961
17,101,B211,B211,1.0
42,17,A110,A110,1.0
42,17,A110,B111,0.4970069429111148
42,17,A110,A120,0.43746673138699577
42,17,A110,B112,0.4741246836227097
42,17,A110,A210,0.47884166161333214
42,17,A110,B121,0.33111472445911605
42,17,A110,A140,0.44365750128126724
42,17,A110,B211,0.5368180289081737
42,17,B111,A110,0.49700694291111486
42,17,B111,B111,1.0
42,17,B111,A120,0.40802015193677216
42,17,B111,B112,0.4385666212437349
42,17,B111,A210,0.4355026152234195
42,17,B111,B121,0.35900417796080114
42,17,B111,A140,0.4048492305722852
42,17,B111,B211,0.4632417717244678
42,17,A120,A110,0.43746673138699577
42,17,A120,B111,0.40802015193677216
42,17,A120,A120,1.0
42,17,A120,B112,0.41584048151290387
42,17,A120,A210,0.36867605526523156
42,17,A120,B121,0.28025966306878597
42,17,A120,A140,0.39537340420971734
42,17,A120,B211,0.41631029907217904
42,17,B112,A110,0.4741246836227097
42,17,B112,B111,0.43856662124373497
42,17,B112,A120,0.41584048151290387
42,17,B112,B112,1.0
42,17,B112,A210,0.4173716538179409
42,17,B112,B121,0.31200816930387737
42,17,B112,A140,0.4453580882000637
42,17,B112,B211,0.4596703965442391
42,17,A210,A110,0.47884166161333214
42,17,A210,B111,0.4355026152234195
42,17,A210,A120,0.3686760552652315
42,17,A210,B112,0.4173716538179409
42,17,A210,A210,1.0
42,17,A210,B121,0.4067836149067032
42,17,A210,A140,0.39268788414592204
42,17,A210,B211,0.48357024850960306
42,17,B121,A110,0.3311147244591161
42,17,B121,B111,0.35900417796080114
42,17,B121,A120,0.28025966306878597
42,17,B121,B112,0.31200816930387737
42,17,B121,A210,0.4067836149067032
42,17,B121,B121,1.0
42,17,B121,A140,0.28567377976311686
42,17,B121,B211,0.3321117225475368
42,17,A140,A110,0.44365750128126724
42,17,A140,B111,0.4048492305722852
42,17,A140,A120,0.39537340420971734
42,17,A140,B112,0.4453580882000637
42,17,A140,A210,0.39268788414592204
42,17,A140,B121,0.28567377976311686
42,17,A140,A140,1.0
42,17,A140,B211,0.4313136955005981
42,17,B211,A110,0.5368180289081737
42,17,B211,B111,0.46324177172446784
42,17,B211,A120,0.416310299072179
42,17,B211,B112,0.4596703965442391
42,17,B211,A210,0.48357024850960306
42,17,B211,B121,0.33211172254753674
42,17,B211,A140,0.4313136955005981
42,17,B211,B211,1.0
42,42,A110,A110,1.0
42,42,A110,B111,0.36276232082132776
42,42,A110,A120,0.3193270230586369
42,42,A110,B112,0.3386484019458679
42,42,A110,A210,0.3820604808400051
42,42,A110,B121,0.3407696098977568
42,42,A110,A140,0.32225263632308543
42,42,A110,B211,0.34114031256782834
42,42,B111,A110,0.36276232082132776
42,42,B111,B111,1.0
42,42,B111,A120,0.3708576373723248
42,42,B111,B112,0.38002049375579405
42,42,B111,A210,0.38866577156709564
42,42,B111,B121,0.38112501842998253
42,42,B111,A140,0.368325750977485
42,42,B111,B211,0.3768068648429803
42,42,A120,A110,0.3193270230586369
42,42,A120,B111,0.3708576373723248
42,42,A120,A120,1.0
42,42,A120,B112,0.3984301561235073
42,42,A120,A210,0.3555859260794309
42,42,A120,B121,0.32274579643427137
42,42,A120,A140,0.3909828921325376
42,42,A120,B211,0.3278307965086949
42,42,B112,A110,0.338648401945868
42,42,B112,B111,0.38002049375579405
42,42,B112,A120,0.3984301561235073
42,42,B112,B112,1.0
42,42,B112,A210,0.37787016531043377
42,42,B112,B121,0.3310276682730398
42,42,B112,A140,0.404568418796433
42,42,B112,B211,0.3395227226948471
42,42,A210,A110,0.38206048084000516
42,42,A210,B111,0.38866577156709564
42,42,A210,A120,0.3555859260794309
42,42,A210,B112,0.37787016531043377
42,42,A210,A210,1.0
42,42,A210,B121,0.4664363615196171
42,42,A210,A140,0.35579654459463633
42,42,A210,B211,0.426711160773803
42,42,B121,A110,0.3407696098977568
42,42,B121,B111,0.3811250184299825
42,42,B121,A120,0.3227457964342714
42,42,B121,B112,0.33102766827303975
42,42,B121,A210,0.4664363615196171
42,42,B121,B121,1.0
42,42,B121,A140,0.3150299969104276
42,42,B121,B211,0.35434988673273
42,42,A140,A110,0.32225263632308543
42,42,A140,B111,0.36832575097748493
42,42,A140,A120,0.3909828921325375
42,42,A140,B112,0.404568418796433
42,42,A140,A210,0.3557965445946363
42,42,A140,B121,0.3150299969104276
42,42,A140,A140,1.0
42,42,A140,B211,0.3322593721613727
42,42,B211,A110,0.34114031256782834
42,42,B211,B111,0.3768068648429803
42,42,B211,A120,0.3278307965086949
42,42,B211,B112,0.3395227226948471
42,42,B211,A210,0.426711160773803
42,42,B211,B121,0.35434988673272994
42,42,B211,A140,0.33225937216137263
42,42,B211,B211,1.0
42,101,A110,A110,1.0
42,101,A110,B111,0.43513218323574343
42,101,A110,A120,0.30978779210790847
42,101,A110,B112,0.44562516024004534
42,101,A110,A210,0.46716043541281477
42,101,A110,B121,0.32215639143129926
42,101,A110,A140,0.4062324170409265
42,101,A110,B211,0.42831160859641065
42,101,B111,A110,0.43513218323574343
42,101,B111,B111,1.0
42,101,B111,A120,0.33945611171578977
42,101,B111,B112,0.4447464768356648
42,101,B111,A210,0.4815475584955661
42,101,B111,B121,0.37474427077430145
42,101,B111,A140,0.41971335651537317
42,101,B111,B211,0.48456247848282863
42,101,A120,A110,0.30978779210790847
42,101,A120,B111,0.33945611171578977
42,101,A120,A120,1.0
42,101,A120,B112,0.34053052062708966
42,101,A120,A210,0.3330723350171057
42,101,A120,B121,0.2588686418351153
42,101,A120,A140,0.3342563133415961
42,101,A120,B211,0.3253485896323488
42,101,B112,A110,0.4456251602400454
42,101,B112,B111,0.4447464768356648
42,101,B112,A120,0.34053052062708966
42,101,B112,B112,1.0
42,101,B112,A210,0.46015828720827817
42,101,B112,B121,0.3222860534245
42,101,B112,A140,0.44838443193369115
42,101,B112,B211,0.4377905184588239
42,101,A210,A110,0.4671604354128149
42,101,A210,B111,0.4815475584955661
42,101,A210,A120,0.33307233501710565
42,101,A210,B112,0.460158287208278
42,101,A210,A210,1.0
42,101,A210,B121,0.44424131242955606
42,101,A210,A140,0.4263447001128696
42,101,A210,B211,0.4852396822154924
42,101,B121,A110,0.32215639143129926
42,101,B121,B111,0.37474427077430145
42,101,B121,A120,0.2588686418351153
42,101,B121,B112,0.3222860534245
42,101,B121,A210,0.444241312429556
42,101,B121,B121,1.0
42,101,B121,A140,0.31328696413080726
42,101,B121,B211,0.3471736011974111
42,101,A140,A110,0.4062324170409265
42,101,A140,B111,0.41971335651537317
42,101,A140,A120,0.33425631334159617
42,101,A140,B112,0.44838443193369115
42,101,A140,A210,0.4263447001128696
42,101,A140,B121,0.31328696413080726
42,101,A140,A140,1.0
42,101,A140,B211,0.40798765590571384
42,101,B211,A110,0.42831160859641065
42,101,B211,B111,0.48456247848282863
42,101,B211,A120,0.3253485896323488
42,101,B211,B112,0.4377905184588239
42,101,B211,A210,0.48523968221549246
42,101,B211,B121,0.34717360119741103
42,101,B211,A140,0.40798765590571384
42,101,B211,B211,1.0
101,17,A110,A110,1.0
101,17,A110,B111,0.3734127450220075
101,17,A110,A120,0.4112286374570693
101,17,A110,B112,0.38870133666520873
101,17,A110,A210,0.3479755299750792
101,17,A110,B121,0.3532735672368615
101,17,A110,A140,0.4107901052191128
101,17,A110,B211,0.3179452857069343
101,17,B111,A110,0.37341274502200744
101,17,B111,B111,1.0
101,17,B111,A120,0.49426741312211736
101,17,B111,B112,0.3887945531276563
101,17,B111,A210,0.3436487224705429
101,17,B111,B121,0.3723060172277522
101,17,B111,A140,0.454742508722843
101,17,B111,B211,0.3384482166307699
101,17,A120,A110,0.4112286374570693
101,17,A120,B111,0.49426741312211736
101,17,A120,A120,1.0
101,17,A120,B112,0.40341203505340867
101,17,A120,A210,0.35113071175640753
101,17,A120,B121,0.39858733495124377
101,17,A120,A140,0.48840644189014637
101,17,A120,B211,0.3350673622066404
101,17,B112,A110,0.38870133666520873
101,17,B112,B111,0.3887945531276563
101,17,B112,A120,0.40341203505340867
101,17,B112,B112,1.0
101,17,B112,A210,0.3596177397220782
101,17,B112,B121,0.356282168536482
101,17,B112,A140,0.43370628373010145
101,17,B112,B211,0.31580821225779315
101,17,A210,A110,0.3479755299750792
101,17,A210,B111,0.3436487224705429
101,17,A210,A120,0.3511307117564076
101,17,A210,B112,0.3596177397220782
101,17,A210,A210,1.0
101,17,A210,B121,0.29738235416212433
101,17,A210,A140,0.37160681436151155
101,17,A210,B211,0.44402236205763135
101,17,B121,A110,0.3532735672368615
101,17,B121,B111,0.37230601722775225
101,17,B121,A120,0.39858733495124377
101,17,B121,B112,0.356282168536482
101,17,B121,A210,0.29738235416212433
101,17,B121,B121,1.0
101,17,B121,A140,0.36889583648781976
101,17,B121,B211,0.2783416837485303
101,17,A140,A110,0.4107901052191128
101,17,A140,B111,0.45474250872284294
101,17,A140,A120,0.48840644189014637
101,17,A140,B112,0.43370628373010145
101,17,A140,A210,0.37160681436151144
101,17,A140,B121,0.36889583648781965
101,17,A140,A140,1.0
101,17,A140,B211,0.339128210265905
101,17,B211,A110,0.3179452857069343
101,17,B211,B111,0.3384482166307699
101,17,B211,A120,0.33506736220664046
101,17,B211,B112,0.3158082122577932
101,17,B211,A210,0.4440223620576313
101,17,B211,B121,0.27834168374853036
101,17,B211,A140,0.3391282102659049
101,17,B211,B211,1.0
101,42,A110,A110,1.0
101,42,A110,B111,0.4329285057804589
101,42,A110,A120,0.42920094194592545
101,42,A110,B112,0.3697047680435599
101,42,A110,A210,0.4154182326547231
101,42,A110,B121,0.40876782658707117
101,42,A110,A140,0.43867360195632493
101,42,A110,B211,0.2632787036729512
101,42,B111,A110,0.4329285057804589
101,42,B111,B111,1.0
101,42,B111,A120,0.636080000010957
101,42,B111,B112,0.42246793211953465
101,42,B111,A210,0.5762957466640523
101,42,B111,B121,0.44355949794717797
101,42,B111,A140,0.6506616651309328
101,42,B111,B211,0.26103630376563075
101,42,A120,A110,0.4292009419459255
101,42,A120,B111,0.636080000010957
101,42,A120,A120,1.0
101,42,A120,B112,0.45111761135536466
101,42,A120,A210,0.6460987688615677
101,42,A120,B121,0.47319991952447943
101,42,A120,A140,0.5741097894150835
101,42,A120,B211,0.26515821473677303
101,42,B112,A110,0.3697047680435599
101,42,B112,B111,0.4224679321195346
101,42,B112,A120,0.4511176113553647
101,42,B112,B112,1.0
101,42,B112,A210,0.4677385938028141
101,42,B112,B121,0.3537589517821954
101,42,B112,A140,0.4391059697233505
101,42,B112,B211,0.2344730106346394
101,42,A210,A110,0.41541823265472305
101,42,A210,B111,0.5762957466640524
101,42,A210,A120,0.6460987688615677
101,42,A210,B112,0.4677385938028141
101,42,A210,A210,1.0
101,42,A210,B121,0.4144870686390359
101,42,A210,A140,0.5900353230456222
101,42,A210,B211,0.285433193546744
101,42,B121,A110,0.40876782658707117
101,42,B121,B111,0.44355949794717797
101,42,B121,A120,0.47319991952447943
101,42,B121,B112,0.3537589517821954
101,42,B121,A210,0.41448706863903584
101,42,B121,B121,1.0
101,42,B121,A140,0.4054238229424919
101,42,B121,B211,0.2533838354218274
101,42,A140,A110,0.438673601956325
101,42,A140,B111,0.6506616651309328
101,42,A140,A120,0.5741097894150837
101,42,A140,B112,0.43910596972335053
101,42,A140,A210,0.5900353230456222
101,42,A140,B121,0.4054238229424919
101,42,A140,A140,1.0
101,42,A140,B211,0.25059539367140216
101,42,B211,A110,0.26327870367295125
101,42,B211,B111,0.26103630376563075
101,42,B211,A120,0.26515821473677303
101,42,B211,B112,0.2344730106346394
101,42,B211,A210,0.28543319354674396
101,42,B211,B121,0.2533838354218275
101,42,B211,A140,0.25059539367140216
101,42,B211,B211,1.0
101,101,A110,A110,1.0
101,101,A110,B111,0.26392462483135953
101,101,A110,A120,0.21207988245217405
101,101,A110,B112,0.20954494836450002
101,101,A110,A210,0.2744767095088187
101,101,A110,B121,0.28551224233475153
101,101,A110,A140,0.28569268770891226
101,101,A110,B211,0.23467413226360342
101,101,B111,A110,0.26392462483135953
101,101,B111,B111,1.0
101,101,B111,A120,0.24677476004113635
101,101,B111,B112,0.3282936761487822
101,101,B111,A210,0.4171905017762295
101,101,B111,B121,0.30744749228199
101,101,B111,A140,0.40825840414348025
101,101,B111,B211,0.3001477462760697
101,101,A120,A110,0.21207988245217402
101,101,A120,B111,0.24677476004113635
101,101,A120,A120,1.0
101,101,A120,B112,0.16758480874509485
101,101,A120,A210,0.21121609412985493
101,101,A120,B121,0.2736856279358626
101,101,A120,A140,0.2875419310737818
101,101,A120,B211,0.2713916942931441
101,101,B112,A110,0.20954494836450002
101,101,B112,B111,0.3282936761487822
101,101,B112,A120,0.16758480874509485
101,101,B112,B112,1.0
101,101,B112,A210,0.34170272818471153
101,101,B112,B121,0.24745484713659713
101,101,B112,A140,0.33202261161346436
101,101,B112,B211,0.2138943906873191
101,101,A210,A110,0.2744767095088187
101,101,A210,B111,0.4171905017762295
101,101,A210,A120,0.21121609412985498
101,101,A210,B112,0.34170272818471153
101,101,A210,A210,1.0
101,101,A210,B121,0.29769713107656354
101,101,A210,A140,0.40946898693490125
101,101,A210,B211,0.33246932575467597
101,101,B121,A110,0.28551224233475153
101,101,B121,B111,0.30744749228199
101,101,B121,A120,0.27368562793586265
101,101,B121,B112,0.24745484713659713
101,101,B121,A210,0.29769713107656354
101,101,B121,B121,1.0
101,101,B121,A140,0.325801329086745
101,101,B121,B211,0.2830107935531985
101,101,A140,A110,0.28569268770891226
101,101,A140,B111,0.40825840414348025
101,101,A140,A120,0.2875419310737818
101,101,A140,B112,0.33202261161346436
101,101,A140,A210,0.40946898693490125
101,101,A140,B121,0.3258013290867449
101,101,A140,A140,1.0
101,101,A140,B211,0.32018816762683866
101,101,B211,A110,0.23467413226360342
101,101,B211,B111,0.3001477462760697
101,101,B211,A120,0.2713916942931441
101,101,B211,B112,0.2138943906873191
101,101,B211,A210,0.3324693257546759
101,101,B211,B121,0.28301079355319847
101,101,B211,A140,0.3201881676268386
101,101,B211,B211,1.0
