scenario,family,world_seed,model_seed,source_accuracy,source_min_accuracy
A110,A,17,17,1.0,1.0
A110,A,17,42,1.0,1.0
A110,A,17,101,1.0,1.0
A110,A,42,17,1.0,1.0
A110,A,42,42,1.0,1.0
A110,A,42,101,1.0,1.0
A110,A,101,17,1.0,1.0
A110,A,101,42,1.0,1.0
A110,A,101,101,1.0,1.0
B111,B,17,17,1.0,1.0
B111,B,17,42,1.0,1.0
B111,B,17,101,1.0,1.0
B111,B,42,17,1.0,1.0
B111,B,42,42,1.0,1.0
B111,B,42,101,1.0,1.0
B111,B,101,17,1.0,1.0
B111,B,101,42,1.0,1.0
B111,B,101,101,1.0,1.0
A120,A,17,17,1.0,1.0
A120,A,17,42,1.0,1.0
A120,A,17,101,1.0,1.0
A120,A,42,17,1.0,1.0
A120,A,42,42,1.0,1.0
A120,A,42,101,1.0,1.0
A120,A,101,17,1.0,1.0
A120,A,101,42,1.0,1.0
A120,A,101,101,1.0,1.0
B112,B,17,17,1.0,1.0
B112,B,17,42,1.0,1.0
B112,B,17,101,1.0,1.0
B112,B,42,17,1.0,1.0
B112,B,42,42,1.0,1.0
B112,B,42,101,1.0,1.0
B112,B,101,17,1.0,1.0
B112,B,101,42,1.0,1.0
B112,B,101,101,1.0,1.0
A210,A,17,17,1.0,1.0
A210,A,17,42,1.0,1.0
A210,A,17,101,1.0,1.0
A210,A,42,17,1.0,1.0
A210,A,42,42,1.0,1.0
A210,A,42,101,1.0,1.0
A210,A,101,17,1.0,1.0
A210,A,101,42,1.0,1.0
A210,A,101,101,1.0,1.0
B121,B,17,17,1.0,1.0
B121,B,17,42,1.0,1.0
B121,B,17,101,1.0,1.0
B121,B,42,17,1.0,1.0
B121,B,42,42,1.0,1.0
B121,B,42,101,1.0,1.0
B121,B,101,17,1.0,1.0
B121,B,101,42,1.0,1.0
B121,B,101,101,1.0,1.0
A140,A,17,17,1.0,1.0
A140,A,17,42,1.0,1.0
A140,A,17,101,1.0,1.0
A140,A,42,17,1.0,1.0
A140,A,42,42,1.0,1.0
A140,A,42,101,1.0,1.0
A140,A,101,17,1.0,1.0
A140,A,101,42,1.0,1.0
A140,A,101,101,1.0,1.0
B211,B,17,17,1.0,1.0
B211,B,17,42,1.0,1.0
B211,B,17,101,1.0,1.0
B211,B,42,17,1.0,1.0
B211,B,42,42,1.0,1.0
B211,B,42,101,1.0,1.0
B211,B,101,17,1.0,1.0
B211,B,101,42,1.0,1.0
B211,B,101,101,1.0,1.0
