landmark,seed,left,right,centering,linear_cka
ONE_END,17,cycle_none,cycle_three,raw,0.06343186012289989
ONE_END,17,cycle_none,cycle_three,within_length,0.023492804213664772
ONE_END,17,cycle_none,cycle_four,raw,0.12661961633630908
ONE_END,17,cycle_none,cycle_four,within_length,0.03411237265965399
ONE_END,17,cycle_none,interior_none,raw,0.23452697017606983
ONE_END,17,cycle_none,interior_none,within_length,0.013242899505447046
ONE_END,17,cycle_none,interior_four,raw,0.250880572061735
ONE_END,17,cycle_none,interior_four,within_length,0.008049247916964918
ONE_END,17,cycle_none,position_none,raw,0.07604393657812443
ONE_END,17,cycle_none,position_none,within_length,0.0073770179781099555
ONE_END,17,cycle_none,position_three,raw,0.34787764302283763
ONE_END,17,cycle_none,position_three,within_length,0.07861866447980677
ONE_END,17,cycle_none,position_four,raw,0.12848199664153567
ONE_END,17,cycle_none,position_four,within_length,0.032330790903209186
ONE_END,17,cycle_three,cycle_four,raw,0.1647259891413983
ONE_END,17,cycle_three,cycle_four,within_length,0.17318960748284606
ONE_END,17,cycle_three,interior_none,raw,0.07699541166634746
ONE_END,17,cycle_three,interior_none,within_length,0.013533629847092705
ONE_END,17,cycle_three,interior_four,raw,0.06806474087205851
ONE_END,17,cycle_three,interior_four,within_length,0.004940900422678247
ONE_END,17,cycle_three,position_none,raw,0.03871040914462167
ONE_END,17,cycle_three,position_none,within_length,0.012243812058988886
ONE_END,17,cycle_three,position_three,raw,0.19147410740721285
ONE_END,17,cycle_three,position_three,within_length,0.20061554474535695
ONE_END,17,cycle_three,position_four,raw,0.05538233189585992
ONE_END,17,cycle_three,position_four,within_length,0.02507032899164315
ONE_END,17,cycle_four,interior_none,raw,0.11250246225927657
ONE_END,17,cycle_four,interior_none,within_length,0.01200680920801575
ONE_END,17,cycle_four,interior_four,raw,0.10604283002641142
ONE_END,17,cycle_four,interior_four,within_length,0.005228153840124726
ONE_END,17,cycle_four,position_none,raw,0.05502264968859859
ONE_END,17,cycle_four,position_none,within_length,0.0055676809523313355
ONE_END,17,cycle_four,position_three,raw,0.24457528539895793
ONE_END,17,cycle_four,position_three,within_length,0.14275659151268186
ONE_END,17,cycle_four,position_four,raw,0.07688883399145015
ONE_END,17,cycle_four,position_four,within_length,0.016959127897212253
ONE_END,17,interior_none,interior_four,raw,0.5682251408496654
ONE_END,17,interior_none,interior_four,within_length,0.1445265375669718
ONE_END,17,interior_none,position_none,raw,0.13244107240810798
ONE_END,17,interior_none,position_none,within_length,0.015183769432930485
ONE_END,17,interior_none,position_three,raw,0.523376490412127
ONE_END,17,interior_none,position_three,within_length,0.030101958142024092
ONE_END,17,interior_none,position_four,raw,0.1848851314212061
ONE_END,17,interior_none,position_four,within_length,0.014384396837364487
ONE_END,17,interior_four,position_none,raw,0.11727211593894182
ONE_END,17,interior_four,position_none,within_length,0.022767799523811756
ONE_END,17,interior_four,position_three,raw,0.5676645436186678
ONE_END,17,interior_four,position_three,within_length,0.0073431476026169715
ONE_END,17,interior_four,position_four,raw,0.24792092146923486
ONE_END,17,interior_four,position_four,within_length,0.0064259280951717975
ONE_END,17,position_none,position_three,raw,0.17617429478142496
ONE_END,17,position_none,position_three,within_length,0.008649514863728194
ONE_END,17,position_none,position_four,raw,0.06677987366960894
ONE_END,17,position_none,position_four,within_length,0.00864306246082242
ONE_END,17,position_three,position_four,raw,0.2857348733849982
ONE_END,17,position_three,position_four,within_length,0.05779449140486702
ONE_END,42,cycle_none,cycle_three,raw,0.2576609921266669
ONE_END,42,cycle_none,cycle_three,within_length,0.09857046109891952
ONE_END,42,cycle_none,cycle_four,raw,0.23304394792077246
ONE_END,42,cycle_none,cycle_four,within_length,0.31887234985843993
ONE_END,42,cycle_none,interior_none,raw,0.0660845979205061
ONE_END,42,cycle_none,interior_none,within_length,0.023988213404449784
ONE_END,42,cycle_none,interior_four,raw,0.3940432669894877
ONE_END,42,cycle_none,interior_four,within_length,0.007891625434958685
ONE_END,42,cycle_none,position_none,raw,0.4025807298650307
ONE_END,42,cycle_none,position_none,within_length,0.006343551987245202
ONE_END,42,cycle_none,position_three,raw,0.1936659859144784
ONE_END,42,cycle_none,position_three,within_length,0.04076339573131409
ONE_END,42,cycle_none,position_four,raw,0.35029071386931016
ONE_END,42,cycle_none,position_four,within_length,0.2316076886033255
ONE_END,42,cycle_three,cycle_four,raw,0.10912626932844123
ONE_END,42,cycle_three,cycle_four,within_length,0.10830787868516985
ONE_END,42,cycle_three,interior_none,raw,0.06954483350630146
ONE_END,42,cycle_three,interior_none,within_length,0.04329518046970669
ONE_END,42,cycle_three,interior_four,raw,0.2845125834929853
ONE_END,42,cycle_three,interior_four,within_length,0.006351905215460199
ONE_END,42,cycle_three,position_none,raw,0.2777038644850324
ONE_END,42,cycle_three,position_none,within_length,0.006190250930997181
ONE_END,42,cycle_three,position_three,raw,0.11537897199250892
ONE_END,42,cycle_three,position_three,within_length,0.014421536230042092
ONE_END,42,cycle_three,position_four,raw,0.22302916253361732
ONE_END,42,cycle_three,position_four,within_length,0.05849186449566362
ONE_END,42,cycle_four,interior_none,raw,0.02880000250246072
ONE_END,42,cycle_four,interior_none,within_length,0.022075119190964818
ONE_END,42,cycle_four,interior_four,raw,0.05721143991914236
ONE_END,42,cycle_four,interior_four,within_length,0.006704366560697654
ONE_END,42,cycle_four,position_none,raw,0.060760719145398136
ONE_END,42,cycle_four,position_none,within_length,0.006132332645740596
ONE_END,42,cycle_four,position_three,raw,0.0459324569122584
ONE_END,42,cycle_four,position_three,within_length,0.025147098266238496
ONE_END,42,cycle_four,position_four,raw,0.07988493937336458
ONE_END,42,cycle_four,position_four,within_length,0.14739227434581698
ONE_END,42,interior_none,interior_four,raw,0.08740141340257464
ONE_END,42,interior_none,interior_four,within_length,0.012416599146454712
ONE_END,42,interior_none,position_none,raw,0.09137976948556617
ONE_END,42,interior_none,position_none,within_length,0.004739763254472232
ONE_END,42,interior_none,position_three,raw,0.04799603692002268
ONE_END,42,interior_none,position_three,within_length,0.011604403229316445
ONE_END,42,interior_none,position_four,raw,0.07652060831627276
ONE_END,42,interior_none,position_four,within_length,0.021603445472904312
ONE_END,42,interior_four,position_none,raw,0.4697012270660339
ONE_END,42,interior_four,position_none,within_length,0.10186167001162533
ONE_END,42,interior_four,position_three,raw,0.24295760204848385
ONE_END,42,interior_four,position_three,within_length,0.007911181313950421
ONE_END,42,interior_four,position_four,raw,0.4562007202614428
ONE_END,42,interior_four,position_four,within_length,0.014964997751878104
ONE_END,42,position_none,position_three,raw,0.19519850684076404
ONE_END,42,position_none,position_three,within_length,0.006931516423309347
ONE_END,42,position_none,position_four,raw,0.36753514513993163
ONE_END,42,position_none,position_four,within_length,0.012073683293106971
ONE_END,42,position_three,position_four,raw,0.18572807419432075
ONE_END,42,position_three,position_four,within_length,0.02758539075726357
ONE_END,101,cycle_none,cycle_three,raw,0.038410356397894245
ONE_END,101,cycle_none,cycle_three,within_length,0.0241332646244699
ONE_END,101,cycle_none,cycle_four,raw,0.4327065380369281
ONE_END,101,cycle_none,cycle_four,within_length,0.013183077109912471
ONE_END,101,cycle_none,interior_none,raw,0.05831700596778572
ONE_END,101,cycle_none,interior_none,within_length,0.011360082011508482
ONE_END,101,cycle_none,interior_four,raw,0.48195620294810465
ONE_END,101,cycle_none,interior_four,within_length,0.007274555423541892
ONE_END,101,cycle_none,position_none,raw,0.40753535871992186
ONE_END,101,cycle_none,position_none,within_length,0.004594268141738166
ONE_END,101,cycle_none,position_three,raw,0.5034360283959431
ONE_END,101,cycle_none,position_three,within_length,0.07977313755688521
ONE_END,101,cycle_none,position_four,raw,0.1834196027484404
ONE_END,101,cycle_none,position_four,within_length,0.03414049250523992
ONE_END,101,cycle_three,cycle_four,raw,0.032140475592351204
ONE_END,101,cycle_three,cycle_four,within_length,0.021319505371493554
ONE_END,101,cycle_three,interior_none,raw,0.009421803887460055
ONE_END,101,cycle_three,interior_none,within_length,0.0077383571062735294
ONE_END,101,cycle_three,interior_four,raw,0.029761884906606535
ONE_END,101,cycle_three,interior_four,within_length,0.0034241331281149078
ONE_END,101,cycle_three,position_none,raw,0.028693095383186012
ONE_END,101,cycle_three,position_none,within_length,0.003032457732854562
ONE_END,101,cycle_three,position_three,raw,0.030412132564744294
ONE_END,101,cycle_three,position_three,within_length,0.013395330687552333
ONE_END,101,cycle_three,position_four,raw,0.020903336013547144
ONE_END,101,cycle_three,position_four,within_length,0.01078857000136417
ONE_END,101,cycle_four,interior_none,raw,0.059204471233492366
ONE_END,101,cycle_four,interior_none,within_length,0.0048071518700798736
ONE_END,101,cycle_four,interior_four,raw,0.4049306753966628
ONE_END,101,cycle_four,interior_four,within_length,0.010162564428148849
ONE_END,101,cycle_four,position_none,raw,0.38700300849211805
ONE_END,101,cycle_four,position_none,within_length,0.008651234569376226
ONE_END,101,cycle_four,position_three,raw,0.35224060143352176
ONE_END,101,cycle_four,position_three,within_length,0.02599413551758999
ONE_END,101,cycle_four,position_four,raw,0.18258447133994193
ONE_END,101,cycle_four,position_four,within_length,0.01930585285346011
ONE_END,101,interior_none,interior_four,raw,0.05478324791826465
ONE_END,101,interior_none,interior_four,within_length,0.020501766252214854
ONE_END,101,interior_none,position_none,raw,0.0443269198309233
ONE_END,101,interior_none,position_none,within_length,0.007634686917507139
ONE_END,101,interior_none,position_three,raw,0.05363383893884109
ONE_END,101,interior_none,position_three,within_length,0.008673303954180377
ONE_END,101,interior_none,position_four,raw,0.0292112069249673
ONE_END,101,interior_none,position_four,within_length,0.007232257285656723
ONE_END,101,interior_four,position_none,raw,0.5034275559390413
ONE_END,101,interior_four,position_none,within_length,0.15098383719342473
ONE_END,101,interior_four,position_three,raw,0.46358538411928085
ONE_END,101,interior_four,position_three,within_length,0.006507054441254071
ONE_END,101,interior_four,position_four,raw,0.18021887829589445
ONE_END,101,interior_four,position_four,within_length,0.008038536496771628
ONE_END,101,position_none,position_three,raw,0.3728818954671005
ONE_END,101,position_none,position_three,within_length,0.0037637811971099606
ONE_END,101,position_none,position_four,raw,0.12465183416293923
ONE_END,101,position_none,position_four,within_length,0.004087802744065981
ONE_END,101,position_three,position_four,raw,0.34998864929837753
ONE_END,101,position_three,position_four,within_length,0.21726607622031877
heldout_query,17,cycle_none,cycle_three,raw,0.044689615554974804
heldout_query,17,cycle_none,cycle_three,within_length,0.0364957394666644
heldout_query,17,cycle_none,cycle_four,raw,0.03518796608092719
heldout_query,17,cycle_none,cycle_four,within_length,0.033765653767485075
heldout_query,17,cycle_none,interior_none,raw,0.18806413507601236
heldout_query,17,cycle_none,interior_none,within_length,0.015544048482822197
heldout_query,17,cycle_none,interior_four,raw,0.18297966538963617
heldout_query,17,cycle_none,interior_four,within_length,0.008965047235851892
heldout_query,17,cycle_none,position_none,raw,0.1626482672867069
heldout_query,17,cycle_none,position_none,within_length,0.012170114711945342
heldout_query,17,cycle_none,position_three,raw,0.11588786028311565
heldout_query,17,cycle_none,position_three,within_length,0.03781709588213815
heldout_query,17,cycle_none,position_four,raw,0.10059372549567518
heldout_query,17,cycle_none,position_four,within_length,0.02552646254168624
heldout_query,17,cycle_three,cycle_four,raw,0.8498169872085941
heldout_query,17,cycle_three,cycle_four,within_length,0.8553203788692653
heldout_query,17,cycle_three,interior_none,raw,0.023891010540866814
heldout_query,17,cycle_three,interior_none,within_length,0.010002106969056757
heldout_query,17,cycle_three,interior_four,raw,0.018971214847707814
heldout_query,17,cycle_three,interior_four,within_length,0.004721335727302531
heldout_query,17,cycle_three,position_none,raw,0.027067880123267992
heldout_query,17,cycle_three,position_none,within_length,0.008994411742925649
heldout_query,17,cycle_three,position_three,raw,0.02548143425331599
heldout_query,17,cycle_three,position_three,within_length,0.021238067534981968
heldout_query,17,cycle_three,position_four,raw,0.025765702432234198
heldout_query,17,cycle_three,position_four,within_length,0.01905708424844911
heldout_query,17,cycle_four,interior_none,raw,0.009751694287395264
heldout_query,17,cycle_four,interior_none,within_length,0.00942330309909548
heldout_query,17,cycle_four,interior_four,raw,0.008884429012312355
heldout_query,17,cycle_four,interior_four,within_length,0.005029895500264781
heldout_query,17,cycle_four,position_none,raw,0.01048670730169794
heldout_query,17,cycle_four,position_none,within_length,0.0057425575890413475
heldout_query,17,cycle_four,position_three,raw,0.022483172922723418
heldout_query,17,cycle_four,position_three,within_length,0.02113590668539535
heldout_query,17,cycle_four,position_four,raw,0.01955821513474184
heldout_query,17,cycle_four,position_four,within_length,0.01879688240341814
heldout_query,17,interior_none,interior_four,raw,0.616259844552349
heldout_query,17,interior_none,interior_four,within_length,0.10626983323975975
heldout_query,17,interior_none,position_none,raw,0.31869969122592495
heldout_query,17,interior_none,position_none,within_length,0.042686638584720306
heldout_query,17,interior_none,position_three,raw,0.16051502135224116
heldout_query,17,interior_none,position_three,within_length,0.013908910020377724
heldout_query,17,interior_none,position_four,raw,0.25313453187827767
heldout_query,17,interior_none,position_four,within_length,0.01259874355019398
heldout_query,17,interior_four,position_none,raw,0.3166076983737176
heldout_query,17,interior_four,position_none,within_length,0.10432865600525884
heldout_query,17,interior_four,position_three,raw,0.1492954610784426
heldout_query,17,interior_four,position_three,within_length,0.008555529105697754
heldout_query,17,interior_four,position_four,raw,0.2358528404728982
heldout_query,17,interior_four,position_four,within_length,0.006172099063715347
heldout_query,17,position_none,position_three,raw,0.10965127053678018
heldout_query,17,position_none,position_three,within_length,0.006932992229366916
heldout_query,17,position_none,position_four,raw,0.16697933514542063
heldout_query,17,position_none,position_four,within_length,0.008702039294531137
heldout_query,17,position_three,position_four,raw,0.34129299260157814
heldout_query,17,position_three,position_four,within_length,0.27226640740726216
heldout_query,42,cycle_none,cycle_three,raw,0.10807089034295166
heldout_query,42,cycle_none,cycle_three,within_length,0.04444953692576696
heldout_query,42,cycle_none,cycle_four,raw,0.0382209192438651
heldout_query,42,cycle_none,cycle_four,within_length,0.02739940967895646
heldout_query,42,cycle_none,interior_none,raw,0.13340026970754756
heldout_query,42,cycle_none,interior_none,within_length,0.012182844058678964
heldout_query,42,cycle_none,interior_four,raw,0.14066307049447474
heldout_query,42,cycle_none,interior_four,within_length,0.01057146225704498
heldout_query,42,cycle_none,position_none,raw,0.1497816508202741
heldout_query,42,cycle_none,position_none,within_length,0.006224300043629741
heldout_query,42,cycle_none,position_three,raw,0.032349402052174896
heldout_query,42,cycle_none,position_three,within_length,0.01944131181893041
heldout_query,42,cycle_none,position_four,raw,0.14287406854763163
heldout_query,42,cycle_none,position_four,within_length,0.03319331891576471
heldout_query,42,cycle_three,cycle_four,raw,0.3608223702547753
heldout_query,42,cycle_three,cycle_four,within_length,0.3925663424040487
heldout_query,42,cycle_three,interior_none,raw,0.24558200456831367
heldout_query,42,cycle_three,interior_none,within_length,0.013352012227081642
heldout_query,42,cycle_three,interior_four,raw,0.31278849744826226
heldout_query,42,cycle_three,interior_four,within_length,0.004742774537516384
heldout_query,42,cycle_three,position_none,raw,0.39899381190011596
heldout_query,42,cycle_three,position_none,within_length,0.004020863975208603
heldout_query,42,cycle_three,position_three,raw,0.06293235549543018
heldout_query,42,cycle_three,position_three,within_length,0.021338463318260788
heldout_query,42,cycle_three,position_four,raw,0.29154355371143975
heldout_query,42,cycle_three,position_four,within_length,0.07868888870249474
heldout_query,42,cycle_four,interior_none,raw,0.04542926130615842
heldout_query,42,cycle_four,interior_none,within_length,0.0095166389144563
heldout_query,42,cycle_four,interior_four,raw,0.0546977806771353
heldout_query,42,cycle_four,interior_four,within_length,0.006523105197076789
heldout_query,42,cycle_four,position_none,raw,0.0796263698412239
heldout_query,42,cycle_four,position_none,within_length,0.008046613284070137
heldout_query,42,cycle_four,position_three,raw,0.027203348210431567
heldout_query,42,cycle_four,position_three,within_length,0.019484884458153356
heldout_query,42,cycle_four,position_four,raw,0.05816741274166034
heldout_query,42,cycle_four,position_four,within_length,0.04855448515591529
heldout_query,42,interior_none,interior_four,raw,0.581563502408262
heldout_query,42,interior_none,interior_four,within_length,0.03306850433567631
heldout_query,42,interior_none,position_none,raw,0.4290345000003807
heldout_query,42,interior_none,position_none,within_length,0.06106494238155072
heldout_query,42,interior_none,position_three,raw,0.07271247126005027
heldout_query,42,interior_none,position_three,within_length,0.008911984469162077
heldout_query,42,interior_none,position_four,raw,0.36085901260722886
heldout_query,42,interior_none,position_four,within_length,0.010419884504255456
heldout_query,42,interior_four,position_none,raw,0.509284102347503
heldout_query,42,interior_four,position_none,within_length,0.14442219412230092
heldout_query,42,interior_four,position_three,raw,0.0843079221234836
heldout_query,42,interior_four,position_three,within_length,0.010258658205915736
heldout_query,42,interior_four,position_four,raw,0.45985676039960005
heldout_query,42,interior_four,position_four,within_length,0.017545476670117303
heldout_query,42,position_none,position_three,raw,0.0858272345232468
heldout_query,42,position_none,position_three,within_length,0.006777241267988019
heldout_query,42,position_none,position_four,raw,0.46006572152152153
heldout_query,42,position_none,position_four,within_length,0.012868337908618643
heldout_query,42,position_three,position_four,raw,0.08549946517245642
heldout_query,42,position_three,position_four,within_length,0.01745810901977707
heldout_query,101,cycle_none,cycle_three,raw,0.1665314965896309
heldout_query,101,cycle_none,cycle_three,within_length,0.17510213299329405
heldout_query,101,cycle_none,cycle_four,raw,0.2426001280327706
heldout_query,101,cycle_none,cycle_four,within_length,0.19510463405371212
heldout_query,101,cycle_none,interior_none,raw,0.09239199911273516
heldout_query,101,cycle_none,interior_none,within_length,0.014175125522117903
heldout_query,101,cycle_none,interior_four,raw,0.23279603178235891
heldout_query,101,cycle_none,interior_four,within_length,0.007705864948685738
heldout_query,101,cycle_none,position_none,raw,0.25042626616762637
heldout_query,101,cycle_none,position_none,within_length,0.009047477054012446
heldout_query,101,cycle_none,position_three,raw,0.0643009170746079
heldout_query,101,cycle_none,position_three,within_length,0.029693967481814264
heldout_query,101,cycle_none,position_four,raw,0.07934145028373607
heldout_query,101,cycle_none,position_four,within_length,0.03073498226533892
heldout_query,101,cycle_three,cycle_four,raw,0.4327730961939991
heldout_query,101,cycle_three,cycle_four,within_length,0.45503886884357403
heldout_query,101,cycle_three,interior_none,raw,0.01824425097941423
heldout_query,101,cycle_three,interior_none,within_length,0.012270718124737477
heldout_query,101,cycle_three,interior_four,raw,0.04303410819454589
heldout_query,101,cycle_three,interior_four,within_length,0.004180288402089011
heldout_query,101,cycle_three,position_none,raw,0.034528411293822364
heldout_query,101,cycle_three,position_none,within_length,0.00299542456772047
heldout_query,101,cycle_three,position_three,raw,0.028966787651314965
heldout_query,101,cycle_three,position_three,within_length,0.025189523713149788
heldout_query,101,cycle_three,position_four,raw,0.03837742565835184
heldout_query,101,cycle_three,position_four,within_length,0.02864739866557003
heldout_query,101,cycle_four,interior_none,raw,0.056906764741377194
heldout_query,101,cycle_four,interior_none,within_length,0.010732342779421372
heldout_query,101,cycle_four,interior_four,raw,0.13098644276735824
heldout_query,101,cycle_four,interior_four,within_length,0.004853306638329476
heldout_query,101,cycle_four,position_none,raw,0.1845852962287309
heldout_query,101,cycle_four,position_none,within_length,0.004983596030327892
heldout_query,101,cycle_four,position_three,raw,0.06040226034622825
heldout_query,101,cycle_four,position_three,within_length,0.0371147990203249
heldout_query,101,cycle_four,position_four,raw,0.0648335050006804
heldout_query,101,cycle_four,position_four,within_length,0.023128577864463203
heldout_query,101,interior_none,interior_four,raw,0.19891150298540566
heldout_query,101,interior_none,interior_four,within_length,0.021757116374011076
heldout_query,101,interior_none,position_none,raw,0.1591608460853925
heldout_query,101,interior_none,position_none,within_length,0.010725768866952305
heldout_query,101,interior_none,position_three,raw,0.04574933622707322
heldout_query,101,interior_none,position_three,within_length,0.011642913914091705
heldout_query,101,interior_none,position_four,raw,0.057550986340532635
heldout_query,101,interior_none,position_four,within_length,0.008355598500459178
heldout_query,101,interior_four,position_none,raw,0.4092850478013104
heldout_query,101,interior_four,position_none,within_length,0.15691906835165947
heldout_query,101,interior_four,position_three,raw,0.10428064284199515
heldout_query,101,interior_four,position_three,within_length,0.004814218767206522
heldout_query,101,interior_four,position_four,raw,0.16279379350915665
heldout_query,101,interior_four,position_four,within_length,0.005169482176965674
heldout_query,101,position_none,position_three,raw,0.10156949477223513
heldout_query,101,position_none,position_three,within_length,0.0052784710624873745
heldout_query,101,position_none,position_four,raw,0.15423080828769256
heldout_query,101,position_none,position_four,within_length,0.003467596526329524
heldout_query,101,position_three,position_four,raw,0.368387337813087
heldout_query,101,position_three,position_four,within_length,0.344641626880082
prefix_mean,17,cycle_none,cycle_three,raw,0.30495484401319634
prefix_mean,17,cycle_none,cycle_three,within_length,0.18746019526304677
prefix_mean,17,cycle_none,cycle_four,raw,0.4450194929496433
prefix_mean,17,cycle_none,cycle_four,within_length,0.22698935853592872
prefix_mean,17,cycle_none,interior_none,raw,0.7706920967838479
prefix_mean,17,cycle_none,interior_none,within_length,0.06870009587895905
prefix_mean,17,cycle_none,interior_four,raw,0.8235435649597528
prefix_mean,17,cycle_none,interior_four,within_length,0.02859573512919108
prefix_mean,17,cycle_none,position_none,raw,0.1869238942810324
prefix_mean,17,cycle_none,position_none,within_length,0.04800050233308683
prefix_mean,17,cycle_none,position_three,raw,0.3505416383605971
prefix_mean,17,cycle_none,position_three,within_length,0.17734454359567756
prefix_mean,17,cycle_none,position_four,raw,0.700524309966876
prefix_mean,17,cycle_none,position_four,within_length,0.21685763375302278
prefix_mean,17,cycle_three,cycle_four,raw,0.5457980697467373
prefix_mean,17,cycle_three,cycle_four,within_length,0.49579039141300535
prefix_mean,17,cycle_three,interior_none,raw,0.25397642849712204
prefix_mean,17,cycle_three,interior_none,within_length,0.02893611715801859
prefix_mean,17,cycle_three,interior_four,raw,0.2555809222990417
prefix_mean,17,cycle_three,interior_four,within_length,0.019338614852181822
prefix_mean,17,cycle_three,position_none,raw,0.09702701689904449
prefix_mean,17,cycle_three,position_none,within_length,0.031539882907153004
prefix_mean,17,cycle_three,position_three,raw,0.16685053495856153
prefix_mean,17,cycle_three,position_three,within_length,0.1113725091759059
prefix_mean,17,cycle_three,position_four,raw,0.2794850950842044
prefix_mean,17,cycle_three,position_four,within_length,0.10622042984437093
prefix_mean,17,cycle_four,interior_none,raw,0.4013338936800141
prefix_mean,17,cycle_four,interior_none,within_length,0.017875828735540084
prefix_mean,17,cycle_four,interior_four,raw,0.40978885886588123
prefix_mean,17,cycle_four,interior_four,within_length,0.009939403245156261
prefix_mean,17,cycle_four,position_none,raw,0.1372069884894104
prefix_mean,17,cycle_four,position_none,within_length,0.034889263812642554
prefix_mean,17,cycle_four,position_three,raw,0.19549258647496692
prefix_mean,17,cycle_four,position_three,within_length,0.1189717290355399
prefix_mean,17,cycle_four,position_four,raw,0.4040525736809679
prefix_mean,17,cycle_four,position_four,within_length,0.10675209843978561
prefix_mean,17,interior_none,interior_four,raw,0.7908745505611811
prefix_mean,17,interior_none,interior_four,within_length,0.1491667695525767
prefix_mean,17,interior_none,position_none,raw,0.202669947220124
prefix_mean,17,interior_none,position_none,within_length,0.06422706500848471
prefix_mean,17,interior_none,position_three,raw,0.2689711251597662
prefix_mean,17,interior_none,position_three,within_length,0.023428526254854143
prefix_mean,17,interior_none,position_four,raw,0.6573850008858261
prefix_mean,17,interior_none,position_four,within_length,0.039100531872312085
prefix_mean,17,interior_four,position_none,raw,0.1957763661681991
prefix_mean,17,interior_four,position_none,within_length,0.1775840613139717
prefix_mean,17,interior_four,position_three,raw,0.30562461674598207
prefix_mean,17,interior_four,position_three,within_length,0.017802713014850053
prefix_mean,17,interior_four,position_four,raw,0.6793930995381896
prefix_mean,17,interior_four,position_four,within_length,0.02126157455213009
prefix_mean,17,position_none,position_three,raw,0.07185906169378374
prefix_mean,17,position_none,position_three,within_length,0.01983441452358879
prefix_mean,17,position_none,position_four,raw,0.18519544466241938
prefix_mean,17,position_none,position_four,within_length,0.03000973142218001
prefix_mean,17,position_three,position_four,raw,0.28508012813550143
prefix_mean,17,position_three,position_four,within_length,0.09441684271951291
prefix_mean,42,cycle_none,cycle_three,raw,0.6426099591017925
prefix_mean,42,cycle_none,cycle_three,within_length,0.32474449860186017
prefix_mean,42,cycle_none,cycle_four,raw,0.42128419807628764
prefix_mean,42,cycle_none,cycle_four,within_length,0.39494437778506475
prefix_mean,42,cycle_none,interior_none,raw,0.603559310620818
prefix_mean,42,cycle_none,interior_none,within_length,0.033379321084794245
prefix_mean,42,cycle_none,interior_four,raw,0.6969055373665483
prefix_mean,42,cycle_none,interior_four,within_length,0.04406429913748791
prefix_mean,42,cycle_none,position_none,raw,0.7711042474685977
prefix_mean,42,cycle_none,position_none,within_length,0.022787669497461388
prefix_mean,42,cycle_none,position_three,raw,0.44808043366677647
prefix_mean,42,cycle_none,position_three,within_length,0.3050900060223547
prefix_mean,42,cycle_none,position_four,raw,0.6706813894481913
prefix_mean,42,cycle_none,position_four,within_length,0.5442332146561183
prefix_mean,42,cycle_three,cycle_four,raw,0.3519062081516072
prefix_mean,42,cycle_three,cycle_four,within_length,0.3693720315898579
prefix_mean,42,cycle_three,interior_none,raw,0.5511641138188498
prefix_mean,42,cycle_three,interior_none,within_length,0.026260234302660092
prefix_mean,42,cycle_three,interior_four,raw,0.6107694558644136
prefix_mean,42,cycle_three,interior_four,within_length,0.03469537528556621
prefix_mean,42,cycle_three,position_none,raw,0.6616987610044514
prefix_mean,42,cycle_three,position_none,within_length,0.02293195705696789
prefix_mean,42,cycle_three,position_three,raw,0.3981149845489586
prefix_mean,42,cycle_three,position_three,within_length,0.20192613316491742
prefix_mean,42,cycle_three,position_four,raw,0.511623658194037
prefix_mean,42,cycle_three,position_four,within_length,0.3482396696379032
prefix_mean,42,cycle_four,interior_none,raw,0.2533828492417456
prefix_mean,42,cycle_four,interior_none,within_length,0.015064294377913873
prefix_mean,42,cycle_four,interior_four,raw,0.33484274552981286
prefix_mean,42,cycle_four,interior_four,within_length,0.04234273250402712
prefix_mean,42,cycle_four,position_none,raw,0.32816039160345
prefix_mean,42,cycle_four,position_none,within_length,0.026066952367287753
prefix_mean,42,cycle_four,position_three,raw,0.27399934470915155
prefix_mean,42,cycle_four,position_three,within_length,0.2126751094340554
prefix_mean,42,cycle_four,position_four,raw,0.5876237658824416
prefix_mean,42,cycle_four,position_four,within_length,0.49596393229441804
prefix_mean,42,interior_none,interior_four,raw,0.6626735249342778
prefix_mean,42,interior_none,interior_four,within_length,0.09583583455563158
prefix_mean,42,interior_none,position_none,raw,0.6567282370817562
prefix_mean,42,interior_none,position_none,within_length,0.0482323297871397
prefix_mean,42,interior_none,position_three,raw,0.28954772586436095
prefix_mean,42,interior_none,position_three,within_length,0.013504504284022186
prefix_mean,42,interior_none,position_four,raw,0.4390211180364011
prefix_mean,42,interior_none,position_four,within_length,0.007111500632202674
prefix_mean,42,interior_four,position_none,raw,0.7565446735301967
prefix_mean,42,interior_four,position_none,within_length,0.14753501689504736
prefix_mean,42,interior_four,position_three,raw,0.3179639076139357
prefix_mean,42,interior_four,position_three,within_length,0.02284783194645719
prefix_mean,42,interior_four,position_four,raw,0.5358776811734691
prefix_mean,42,interior_four,position_four,within_length,0.02926185557718548
prefix_mean,42,position_none,position_three,raw,0.36461712606156277
prefix_mean,42,position_none,position_three,within_length,0.014625763581208592
prefix_mean,42,position_none,position_four,raw,0.5621038346370457
prefix_mean,42,position_none,position_four,within_length,0.015001001481342638
prefix_mean,42,position_three,position_four,raw,0.39107911882165886
prefix_mean,42,position_three,position_four,within_length,0.2893181078631445
prefix_mean,101,cycle_none,cycle_three,raw,0.29399084834559314
prefix_mean,101,cycle_none,cycle_three,within_length,0.35982721209872787
prefix_mean,101,cycle_none,cycle_four,raw,0.7671590055662055
prefix_mean,101,cycle_none,cycle_four,within_length,0.46813722430537485
prefix_mean,101,cycle_none,interior_none,raw,0.43479990203245744
prefix_mean,101,cycle_none,interior_none,within_length,0.024796083229062457
prefix_mean,101,cycle_none,interior_four,raw,0.7594164771488765
prefix_mean,101,cycle_none,interior_four,within_length,0.015209874411701418
prefix_mean,101,cycle_none,position_none,raw,0.3613904038065101
prefix_mean,101,cycle_none,position_none,within_length,0.008784968514531123
prefix_mean,101,cycle_none,position_three,raw,0.23341569379122687
prefix_mean,101,cycle_none,position_three,within_length,0.1872121287451931
prefix_mean,101,cycle_none,position_four,raw,0.7010725291169453
prefix_mean,101,cycle_none,position_four,within_length,0.38004501507016586
prefix_mean,101,cycle_three,cycle_four,raw,0.2543128550212466
prefix_mean,101,cycle_three,cycle_four,within_length,0.39904930932651506
prefix_mean,101,cycle_three,interior_none,raw,0.07805912966364653
prefix_mean,101,cycle_three,interior_none,within_length,0.011675350880010794
prefix_mean,101,cycle_three,interior_four,raw,0.12001973712831755
prefix_mean,101,cycle_three,interior_four,within_length,0.015307767410394524
prefix_mean,101,cycle_three,position_none,raw,0.06541202066496912
prefix_mean,101,cycle_three,position_none,within_length,0.0072784699886815395
prefix_mean,101,cycle_three,position_three,raw,0.11631952553881303
prefix_mean,101,cycle_three,position_three,within_length,0.1059969426715728
prefix_mean,101,cycle_three,position_four,raw,0.17933126753798753
prefix_mean,101,cycle_three,position_four,within_length,0.186481830109989
prefix_mean,101,cycle_four,interior_none,raw,0.42817357037827514
prefix_mean,101,cycle_four,interior_none,within_length,0.018443476035181313
prefix_mean,101,cycle_four,interior_four,raw,0.763347396744012
prefix_mean,101,cycle_four,interior_four,within_length,0.01944813638940477
prefix_mean,101,cycle_four,position_none,raw,0.36659221040536205
prefix_mean,101,cycle_four,position_none,within_length,0.012126230605250156
prefix_mean,101,cycle_four,position_three,raw,0.1714827944372858
prefix_mean,101,cycle_four,position_three,within_length,0.17531628116189368
prefix_mean,101,cycle_four,position_four,raw,0.6297061941973747
prefix_mean,101,cycle_four,position_four,within_length,0.28351316116243575
prefix_mean,101,interior_none,interior_four,raw,0.4995140961853223
prefix_mean,101,interior_none,interior_four,within_length,0.13256717838200824
prefix_mean,101,interior_none,position_none,raw,0.2636385490280431
prefix_mean,101,interior_none,position_none,within_length,0.05369056670530267
prefix_mean,101,interior_none,position_three,raw,0.0968062371167251
prefix_mean,101,interior_none,position_three,within_length,0.017117551260480257
prefix_mean,101,interior_none,position_four,raw,0.4086905341611811
prefix_mean,101,interior_none,position_four,within_length,0.04401838787819226
prefix_mean,101,interior_four,position_none,raw,0.4510549942322349
prefix_mean,101,interior_four,position_none,within_length,0.19403470567275602
prefix_mean,101,interior_four,position_three,raw,0.16704061429884967
prefix_mean,101,interior_four,position_three,within_length,0.016537913540687007
prefix_mean,101,interior_four,position_four,raw,0.6715183707774186
prefix_mean,101,interior_four,position_four,within_length,0.02054036177454905
prefix_mean,101,position_none,position_three,raw,0.07703128387850058
prefix_mean,101,position_none,position_three,within_length,0.007062580002150631
prefix_mean,101,position_none,position_four,raw,0.3118042444096435
prefix_mean,101,position_none,position_four,within_length,0.011411940174536221
prefix_mean,101,position_three,position_four,raw,0.2008217731666395
prefix_mean,101,position_three,position_four,within_length,0.12419196656977817
